23-05-2026 16:39:35 - INFO - This PowerShell script will migrate your data from xlsx or table to System
23-05-2026 16:39:36 - WARNING - Plik nie istnieje: test wiersz 1
23-05-2026 16:39:36 - WARNING - Plik nie istnieje: C:\Users\k.krawczyk\Desktop\xd\fizyk\ksef\WEBCON-KSeF-Connector-instrukcja-instalacji.pdf  wiersz 1
23-05-2026 16:39:36 - WARNING - Plik nie istnieje: test wiersz 2
23-05-2026 16:39:39 - WARNING - Plik nie istnieje: \\nas\Public\k.krawczyk\ZGL_2307_2023\sample (5).pdf  wiersz 2
23-05-2026 16:39:52 - INFO - This PowerShell script will migrate your data from xlsx or table to System
23-05-2026 16:39:52 - WARNING - Plik nie istnieje: test wiersz 1
23-05-2026 16:39:52 - WARNING - Plik nie istnieje: C:\Users\k.krawczyk\Desktop\xd\fizyk\ksef\WEBCON-KSeF-Connector-instrukcja-instalacji.pdf  wiersz 1
23-05-2026 16:39:52 - WARNING - Plik nie istnieje: test wiersz 2
23-05-2026 16:39:52 - WARNING - Plik nie istnieje: \\nas\Public\k.krawczyk\ZGL_2307_2023\sample (5).pdf  wiersz 2
23-05-2026 16:44:46 - INFO - This PowerShell script will migrate your data from xlsx or table to System
23-05-2026 16:44:47 - WARNING - Plik nie istnieje: test wiersz 1
23-05-2026 16:44:47 - WARNING - Plik nie istnieje: C:\Users\k.krawczyk\Desktop\xd\fizyk\ksef\WEBCON-KSeF-Connector-instrukcja-instalacji.pdf  wiersz 1
23-05-2026 16:44:47 - WARNING - Plik nie istnieje: test wiersz 2
23-05-2026 16:44:49 - WARNING - Plik nie istnieje: \\nas\Public\k.krawczyk\ZGL_2307_2023\sample (5).pdf  wiersz 2
23-05-2026 16:44:49 - INFO -  
23-05-2026 16:45:40 - INFO - This PowerShell script will migrate your data from xlsx or table to System
23-05-2026 16:45:40 - WARNING - Plik nie istnieje: test wiersz 1
23-05-2026 16:45:40 - WARNING - Plik nie istnieje: C:\Users\k.krawczyk\Desktop\xd\fizyk\ksef\WEBCON-KSeF-Connector-instrukcja-instalacji.pdf  wiersz 1
23-05-2026 16:45:40 - WARNING - Plik nie istnieje: test wiersz 2
23-05-2026 16:45:42 - WARNING - Plik nie istnieje: \\nas\Public\k.krawczyk\ZGL_2307_2023\sample (5).pdf  wiersz 2
23-05-2026 16:45:42 - INFO - Data   
23-05-2026 16:56:13 - INFO - This PowerShell script will migrate your data from xlsx or table to System
23-05-2026 16:56:13 - WARNING - Plik nie istnieje: test wiersz 1
23-05-2026 16:56:13 - WARNING - Plik nie istnieje: C:\Users\k.krawczyk\Desktop\xd\fizyk\ksef\WEBCON-KSeF-Connector-instrukcja-instalacji.pdf  wiersz 1
23-05-2026 16:56:13 - WARNING - Plik nie istnieje: test wiersz 2
23-05-2026 16:56:16 - WARNING - Plik nie istnieje: \\nas\Public\k.krawczyk\ZGL_2307_2023\sample (5).pdf  wiersz 2
23-05-2026 16:56:16 - INFO - Data item: @{bpsId=1912;l=test; okresO DataZawarciaUmowy=test; DataObowiazywaniaUmowy=test; firma=test; cechrony=test; umowaLata=test; NazwaSkanuUmowy=; SkanUmowy=; NazwaSkanAtt=; SkanAtt=}
23-05-2026 16:56:16 - INFO - Data item: @{bpsId=1913; DataZawarciaUmowy=test; DataObowiazywaniaUmowy=est; firma=test; cel=test; okresOchrony=test; umowaLata=test; NazwaSkanuUmowy=; SkanUmowy=; NazwaSkanAtt=; SkanAtt=}
23-05-2026 17:00:53 - INFO - This PowerShell script will migrate your data from xlsx or table to System
23-05-2026 17:00:53 - INFO - Nazwa pliku: sample-local-pdf.pdf
23-05-2026 17:00:53 - WARNING - Plik nie istnieje: C:\Users\k.krawczyk\Desktop\xd\fizyk\ksef\WEBCON-KSeF-Connector-instrukcja-instalacji.pdf  wiersz 1
23-05-2026 17:00:53 - WARNING - Plik nie istnieje: test wiersz 2
23-05-2026 17:00:55 - WARNING - Plik nie istnieje: \\nas\Public\k.krawczyk\ZGL_2307_2023\sample (5).pdf  wiersz 2
23-05-2026 17:00:55 - WARNING - [Line 71] E in row 3 : Cannot bind argument to parameter 'Path' because it is an empty string.
23-05-2026 17:00:55 - WARNING - [Line 71] E in row 4 : Cannot bind argument to parameter 'Path' because it is an empty string.
23-05-2026 17:00:55 - WARNING - [Line 71] E in row 5 : Cannot bind argument to parameter 'Path' because it is an empty string.
23-05-2026 17:00:56 - WARNING - [Line 71] E in row 6 : Cannot bind argument to parameter 'Path' because it is an empty string.
23-05-2026 17:00:56 - WARNING - [Line 71] E in row 7 : Cannot bind argument to parameter 'Path' because it is an empty string.
23-05-2026 17:00:56 - WARNING - [Line 71] E in row 8 : Cannot bind argument to parameter 'Path' because it is an empty string.
23-05-2026 17:00:56 - WARNING - [Line 71] E in row 10 : Cannot bind argument to parameter 'Path' because it is an empty string.
23-05-2026 17:00:56 - INFO - Data item: @{bpsId=1912; DataZawarciaUmowy=test1; DataObowiazywaniaUmowy=test; firma=test; cel=test; okresOchrony=test; umowaLata=test; NazwaSkanuUmowy=sample-local-pdf.pdf; SkanUmowy=System.Byte[]; NazwaSkanAtt=; SkanAtt=}
23-05-2026 17:00:56 - INFO - Data item: @{bpsId=1913; DataZawarciaUmowy=2; DataObowiazywaniaUmowy=est; firma=test; cel=test; okresOchrony=test; umowaLata=test; NazwaSkanuUmowy=; SkanUmowy=; NazwaSkanAtt=; SkanAtt=}
23-05-2026 18:03:47 - INFO - This PowerShell script will migrate your data from xlsx or table to System
23-05-2026 18:03:48 - INFO - Nazwa pliku: sample-local-pdf.pdf
23-05-2026 18:03:48 - WARNING - Plik nie istnieje: C:\Users\k.krawczyk\Desktop\xd\fizyk\ksef\WEBCON-KSeF-Connector-instrukcja-instalacji.pdf wiersz 1
23-05-2026 18:03:48 - WARNING - Plik nie istnieje: test wiersz 2
23-05-2026 18:03:50 - WARNING - Plik nie istnieje: \\nas\Public\k.krawczyk\ZGL_2307_2023\sample (5).pdf wiersz 2
23-05-2026 18:03:50 - WARNING - Sciezka jest pusta 3
23-05-2026 18:03:50 - WARNING - Sciezka jest pusta 3
23-05-2026 18:03:50 - WARNING - Sciezka jest pusta 4
23-05-2026 18:03:50 - WARNING - Sciezka jest pusta 4
23-05-2026 18:03:50 - WARNING - Sciezka jest pusta 5
23-05-2026 18:03:50 - WARNING - Sciezka jest pusta 5
23-05-2026 18:03:50 - WARNING - Sciezka jest pusta 6
23-05-2026 18:03:50 - WARNING - Sciezka jest pusta 6
23-05-2026 18:03:50 - WARNING - Sciezka jest pusta 7
23-05-2026 18:03:50 - WARNING - Sciezka jest pusta 7
23-05-2026 18:03:50 - WARNING - Sciezka jest pusta 8
23-05-2026 18:03:50 - WARNING - Sciezka jest pusta 8
23-05-2026 18:03:50 - WARNING - Sciezka jest pusta 10
23-05-2026 18:03:50 - WARNING - Sciezka jest pusta 10
23-05-2026 18:03:50 - INFO - Data item: @{bpsId=1912; DataZawarciaUmowy=test1; DataObowiazywaniaUmowy=test; firma=test; cel=test; okresOchrony=test; umowaLata=test; Zalaczniki=System.Object[]}
23-05-2026 18:03:50 - INFO - Data item: @{bpsId=1913; DataZawarciaUmowy=2; DataObowiazywaniaUmowy=est; firma=test; cel=test; okresOchrony=test; umowaLata=test; Zalaczniki=System.Object[]}
23-05-2026 18:03:50 - INFO - Data item: @{bpsId=1914; DataZawarciaUmowy=3; DataObowiazywaniaUmowy=est; firma=; cel=; okresOchrony=; umowaLata=; Zalaczniki=System.Object[]}
23-05-2026 18:03:50 - INFO - Data item: @{bpsId=1915; DataZawarciaUmowy=4; DataObowiazywaniaUmowy=est; firma=; cel=; okresOchrony=; umowaLata=; Zalaczniki=System.Object[]}
23-05-2026 18:03:50 - INFO - Data item: @{bpsId=1916; DataZawarciaUmowy=5; DataObowiazywaniaUmowy=est; firma=; cel=; okresOchrony=; umowaLata=; Zalaczniki=System.Object[]}
23-05-2026 18:03:50 - INFO - Data item: @{bpsId=1917; DataZawarciaUmowy=6; DataObowiazywaniaUmowy=est; firma=; cel=; okresOchrony=; umowaLata=; Zalaczniki=System.Object[]}
23-05-2026 18:03:50 - INFO - Data item: @{bpsId=1918; DataZawarciaUmowy=7; DataObowiazywaniaUmowy=est; firma=; cel=; okresOchrony=; umowaLata=; Zalaczniki=System.Object[]}
23-05-2026 18:03:50 - INFO - Data item: @{bpsId=1919; DataZawarciaUmowy=8; DataObowiazywaniaUmowy=est; firma=; cel=; okresOchrony=; umowaLata=; Zalaczniki=System.Object[]}
23-05-2026 18:03:50 - INFO - Data item: @{bpsId=1921; DataZawarciaUmowy=10; DataObowiazywaniaUmowy=est; firma=; cel=; okresOchrony=; umowaLata=; Zalaczniki=System.Object[]}
23-05-2026 18:06:54 - INFO - This PowerShell script will migrate your data from xlsx or table to System
23-05-2026 18:06:54 - INFO - Nazwa pliku: sample-local-pdf.pdf
23-05-2026 18:06:54 - WARNING - Plik nie istnieje: C:\Users\k.krawczyk\Desktop\xd\fizyk\ksef\WEBCON-KSeF-Connector-instrukcja-instalacji.pdf wiersz 1
23-05-2026 18:06:54 - WARNING - Plik nie istnieje: test wiersz 2
23-05-2026 18:06:56 - WARNING - Plik nie istnieje: \\nas\Public\k.krawczyk\ZGL_2307_2023\sample (5).pdf wiersz 2
23-05-2026 18:06:56 - WARNING - Sciezka jest pusta 3
23-05-2026 18:06:56 - WARNING - Sciezka jest pusta 3
23-05-2026 18:06:56 - WARNING - Sciezka jest pusta 4
23-05-2026 18:06:56 - WARNING - Sciezka jest pusta 4
23-05-2026 18:06:56 - WARNING - Sciezka jest pusta 5
23-05-2026 18:06:56 - WARNING - Sciezka jest pusta 5
23-05-2026 18:06:56 - WARNING - Sciezka jest pusta 6
23-05-2026 18:06:56 - WARNING - Sciezka jest pusta 6
23-05-2026 18:06:56 - WARNING - Sciezka jest pusta 7
23-05-2026 18:06:56 - WARNING - Sciezka jest pusta 7
23-05-2026 18:06:56 - WARNING - Sciezka jest pusta 8
23-05-2026 18:06:56 - WARNING - Sciezka jest pusta 8
23-05-2026 18:06:57 - WARNING - Sciezka jest pusta 10
23-05-2026 18:06:57 - WARNING - Sciezka jest pusta 10
23-05-2026 18:06:57 - INFO - Data item: @{bpsId=1912; DataZawarciaUmowy=test1; DataObowiazywaniaUmowy=test; firma=test; cel=test; okresOchrony=test; umowaLata=test; Zalaczniki=System.Object[]}
23-05-2026 18:06:57 - INFO - Data att: @{bpsId=1912; DataZawarciaUmowy=test1; DataObowiazywaniaUmowy=test; firma=test; cel=test; okresOchrony=test; umowaLata=test; Zalaczniki=System.Object[]}
23-05-2026 18:06:57 - INFO - Data item: @{bpsId=1913; DataZawarciaUmowy=2; DataObowiazywaniaUmowy=est; firma=test; cel=test; okresOchrony=test; umowaLata=test; Zalaczniki=System.Object[]}
23-05-2026 18:06:57 - INFO - Data att: @{bpsId=1913; DataZawarciaUmowy=2; DataObowiazywaniaUmowy=est; firma=test; cel=test; okresOchrony=test; umowaLata=test; Zalaczniki=System.Object[]}
23-05-2026 18:06:57 - INFO - Data item: @{bpsId=1914; DataZawarciaUmowy=3; DataObowiazywaniaUmowy=est; firma=; cel=; okresOchrony=; umowaLata=; Zalaczniki=System.Object[]}
23-05-2026 18:06:57 - INFO - Data att: @{bpsId=1914; DataZawarciaUmowy=3; DataObowiazywaniaUmowy=est; firma=; cel=; okresOchrony=; umowaLata=; Zalaczniki=System.Object[]}
23-05-2026 18:06:57 - INFO - Data item: @{bpsId=1915; DataZawarciaUmowy=4; DataObowiazywaniaUmowy=est; firma=; cel=; okresOchrony=; umowaLata=; Zalaczniki=System.Object[]}
23-05-2026 18:06:57 - INFO - Data att: @{bpsId=1915; DataZawarciaUmowy=4; DataObowiazywaniaUmowy=est; firma=; cel=; okresOchrony=; umowaLata=; Zalaczniki=System.Object[]}
23-05-2026 18:06:57 - INFO - Data item: @{bpsId=1916; DataZawarciaUmowy=5; DataObowiazywaniaUmowy=est; firma=; cel=; okresOchrony=; umowaLata=; Zalaczniki=System.Object[]}
23-05-2026 18:06:57 - INFO - Data att: @{bpsId=1916; DataZawarciaUmowy=5; DataObowiazywaniaUmowy=est; firma=; cel=; okresOchrony=; umowaLata=; Zalaczniki=System.Object[]}
23-05-2026 18:06:57 - INFO - Data item: @{bpsId=1917; DataZawarciaUmowy=6; DataObowiazywaniaUmowy=est; firma=; cel=; okresOchrony=; umowaLata=; Zalaczniki=System.Object[]}
23-05-2026 18:06:57 - INFO - Data att: @{bpsId=1917; DataZawarciaUmowy=6; DataObowiazywaniaUmowy=est; firma=; cel=; okresOchrony=; umowaLata=; Zalaczniki=System.Object[]}
23-05-2026 18:06:57 - INFO - Data item: @{bpsId=1918; DataZawarciaUmowy=7; DataObowiazywaniaUmowy=est; firma=; cel=; okresOchrony=; umowaLata=; Zalaczniki=System.Object[]}
23-05-2026 18:06:57 - INFO - Data att: @{bpsId=1918; DataZawarciaUmowy=7; DataObowiazywaniaUmowy=est; firma=; cel=; okresOchrony=; umowaLata=; Zalaczniki=System.Object[]}
23-05-2026 18:06:57 - INFO - Data item: @{bpsId=1919; DataZawarciaUmowy=8; DataObowiazywaniaUmowy=est; firma=; cel=; okresOchrony=; umowaLata=; Zalaczniki=System.Object[]}
23-05-2026 18:06:57 - INFO - Data att: @{bpsId=1919; DataZawarciaUmowy=8; DataObowiazywaniaUmowy=est; firma=; cel=; okresOchrony=; umowaLata=; Zalaczniki=System.Object[]}
23-05-2026 18:06:57 - INFO - Data item: @{bpsId=1921; DataZawarciaUmowy=10; DataObowiazywaniaUmowy=est; firma=; cel=; okresOchrony=; umowaLata=; Zalaczniki=System.Object[]}
23-05-2026 18:06:57 - INFO - Data att: @{bpsId=1921; DataZawarciaUmowy=10; DataObowiazywaniaUmowy=est; firma=; cel=; okresOchrony=; umowaLata=; Zalaczniki=System.Object[]}
23-05-2026 18:11:12 - INFO - This PowerShell script will migrate your data from xlsx or table to System
23-05-2026 18:11:12 - INFO - Nazwa pliku: sample-local-pdf.pdf
23-05-2026 18:11:12 - WARNING - Plik nie istnieje: C:\Users\k.krawczyk\Desktop\xd\fizyk\ksef\WEBCON-KSeF-Connector-instrukcja-instalacji.pdf wiersz 1
23-05-2026 18:11:12 - WARNING - Plik nie istnieje: test wiersz 2
23-05-2026 18:11:14 - WARNING - Plik nie istnieje: \\nas\Public\k.krawczyk\ZGL_2307_2023\sample (5).pdf wiersz 2
23-05-2026 18:11:14 - WARNING - Sciezka jest pusta 3
23-05-2026 18:11:14 - WARNING - Sciezka jest pusta 3
23-05-2026 18:11:14 - WARNING - Sciezka jest pusta 4
23-05-2026 18:11:14 - WARNING - Sciezka jest pusta 4
23-05-2026 18:11:14 - WARNING - Sciezka jest pusta 5
23-05-2026 18:11:14 - WARNING - Sciezka jest pusta 5
23-05-2026 18:11:14 - WARNING - Sciezka jest pusta 6
23-05-2026 18:11:14 - WARNING - Sciezka jest pusta 6
23-05-2026 18:11:15 - WARNING - Sciezka jest pusta 7
23-05-2026 18:11:15 - WARNING - Sciezka jest pusta 7
23-05-2026 18:11:15 - WARNING - Sciezka jest pusta 8
23-05-2026 18:11:15 - WARNING - Sciezka jest pusta 8
23-05-2026 18:11:15 - WARNING - Sciezka jest pusta 10
23-05-2026 18:11:15 - WARNING - Sciezka jest pusta 10
23-05-2026 18:11:15 - INFO - Data item: @{bpsId=1912; DataZawarciaUmowy=test1; DataObowiazywaniaUmowy=test; firma=test; cel=test; okresOchrony=test; umowaLata=test; Zalaczniki=System.Object[]}
23-05-2026 18:11:15 - INFO - Data att: sample-local-pdf.pdf | 37 80 68 70 45 49 46 51 10 37 196 229 242 229 235 167 243 160 208 196 198 10 52 32 48 32 111 98 106 10 60 60 32 47 76 101 110 103 116 104 32 53 32 48 32 82 32 47 70 105 108 116 101 114 32 47 70 108 97 116 101 68 101 99 111 100 101 32 62 62 10 115 116 114 101 97 109 10 120 1 197 93 217 142 228 70 118 125 231 87 208 126 202 6 186 56 73 102 50 23 248 193 144 91 35 184 141 81 91 66 149 228 7 99 30 52 61 217 35 141 165 46 169 23 27 227 207 180 49 255 227 19 17 247 156 27 140 96 102 177 90 149 99 52 208 89 36 35 238 114 238 18 55 150 100 254 210 126 221 254 210 246 135 174 223 182 253 182 235 119 199 227 161 29 247 187 118 191 59 118 155 77 251 238 212 254 91 251 182 253 205 139 247 125 251 250 125 187 142 255 222 191 70 159 117 55 108 211 117 248 99 179 11 20 54 135 110 220 174 215 67 243 250 167 246 159 238 218 49 53 183 143 187 159 218 223 220 221 13 109 223 222 189 105 87 127 247 172 189 251 115 251 219 59 240 15 18 108 214 155 110 61 180 155 177 219 14 32 208 238 186 97 115 60 30 131 76 187 109 179 88 10 163 98 98 180 51 98 52 83 49 254 222 197 168 84 90 31 187 62 200 180 156 90 161 212 114 88 187 254 176 222 28 135 161 89 119 219 113 123 92 15 64 174 219 175 143 225 110 59 3 119 127 92 119 155 245 225 216 238 215 251 238 104 122 246 6 180 125 154 166 155 4 248 191 183 171 219 239 158 5 171 181 171 159 194 103 223 174 126 254 241 89 123 19 255 58 197 63 240 168 229 157 175 172 237 231 95 60 107 127 223 220 253 75 50 85 137 209 118 232 187 227 190 191 36 70 155 0 55 49 192 160 201 237 190 28 162 179 158 183 142 174 183 59 28 186 237 238 130 227 193 191 163 227 65 195 69 2 44 118 186 126 127 4 103 132 204 110 119 232 214 59 51 198 126 140 2 167 15 51 133 137 0 83 188 32 222 239 12 230 19 108 3 83 192 2 31 248 199 233 143 252 11 34 199 71 111 238 223 61 131 135 36 51 21 141 223 155 77 213 253 7 187 241 214 58 255 41 82 131 213 65 237 247 109 52 104 147 98 111 185 13 186 205 184 59 236 134 3 196 217 173 247 135 237 102 192 95 135 205 56 28 183 125 51 227 166 155 109 255 16 52 230 30 14 205 87 159 155 142 95 252 171 73 254 7 226 240 103 83 233 244 218 158 64 89 83 197 210 200 89 85 22 91 19 58 117 135 126 216 44 182 102 192 179 114 168 245 186 95 148 78 155 144 33 231 128 11 62 29 136 236 198 161 27 134 185 68 54 5 110 54 174 150 74 113 54 180 36 197 102 211 237 183 22 92 235 110 189 222 237 219 187 215 128 40 246 180 143 20 231 110 200 187 239 159 33 228 86 240 195 109 187 130 123 90 118 217 29 219 85 176 241 13 158 125 1 236 110 194 141 162 209 140 81 207 235 210 44 26 160 122 216 117 61 246 136 210 168 139 33 26 116 217 34 47 20 186 84 241 250 1 186 220 64 129 119 33 81 66 112 124 44 151 113 177 239 245 251 190 235 71 4 213 68 198 9 202 83 201 174 226 123 253 126 7 99 31 246 83 41 162 213 43 160 232 132 77 204 173 72 108 63 127 135 60 147 0 194 255 176 58 254 167 145 49 218 108 218 213 125 188 247 54 53 235 174 130 227 176 67 114 60 148 182 254 91 227 56 236 198 238 176 223 35 147 148 30 119 33 122 4 164 69 15 198 7 184 29 220 77 255 103 104 34 174 128 38 158 32 199 3 103 64 154 57 101 99 101 221 249 192 89 88 217 109 119 168 201 198 163 169 97 73 96 2 38 189 0 66 132 210 238 17 9 113 113 104 96 140 65 125 88 154 116 222 41 167 49 114 198 41 225 121 112 70 130 137 161 38 134 247 36 75 125 120 214 0 219 239 101 2 185 53 123 37 247 254 62 121 116 106 134 17 9 125 216 192 163 1 118 13 209 144 217 135 101 247 163 237 19 42 128 172 242 30 225 236 253 30 53 216 196 205 150 217 7 5 192 19 121 201 8 103 223 239 81 25 36 41 178 161 98 83 167 215 194 95 126 120 115 21 143 209 224 133 57 196 184 205 18 254 56 86 121 108 234 50 171 191 220 127 252 228 65 61 14 233 179 131 250 110 232 198 245 30 217 61 23 232 146 161 254 58 83 43 63 218 93 66 233 152 185 139 217 137 82 100 134 218 110 42 88 166 134 66 36 113 252 11 14 14 99 135 244 19 134 195 159 195 101 179 250 128 97 28 87 152 94 220 140 113 76 15 78 111 55 81 178 45 119 254 197 105 161 31 143 221 176 63 82 155 204 200 195 174 210 166 48 114 247 8 175 43 230 193 231 109 220 99 14 176 219 132 104 204 141 28 203 140 89 120 27 76 137 189 100 122 249 158 192 38 36 63 240 146 245 135 149 31 188 253 62 204 26 144 111 34 226 77 24 38 130 53 248 212 30 138 38 91 255 37 53 75 44 48 116 4 10 97 118 144 186 6 43 53 154 151 199 130 250 215 250 220 102 196 180 22 101 86 194 100 193 8 242 63 203 163 111 177 171 96 234 210 237 226 52 173 178 76 157 161 166 174 2 199 167 1 24 0 5 212 40 109 128 158 69 67 9 105 179 220 241 11 63 139 229 245 108 46 217 110 246 40 93 49 219 156 96 26 252 236 88 107 83 133 241 79 176 253 46 150 13 24 3 145 234 240 63 6 46 196 236 233 89 147 138 245 167 16 185 24 168 182 199 61 188 32 20 18 185 1 46 229 191 255 149 27 60 225 64 133 37 162 221 126 24 107 224 102 50 70 5 220 243 16 91 155 117 187 250 143 240 25 17 12 31 193 240 155 102 245 95 248 72 137 47 196 82 112 3 60 11 145 133 15 116 92 142 233 114 167 230 32 55 30 199 110 147 15 114 143 153 213 88 162 8 217 102 192 100 204 46 147 79 167 255 237 137 50 123 40 103 204 205 225 62 33 129 124 176 136 64 145 99 137 36 35 197 168 49 50 12 166 216 165 9 208 132 182 214 211 83 218 114 188 44 108 154 7 151 41 135 237 216 13 35 198 224 9 94 179 62 152 42 241 144 83 63 121 118 111 243 106 84 226 211 49 120 24 55 75 165 40 74 234 124 197 230 215 102 101 224 208 97 142 98 80 100 133 64 61 114 86 113 240 199 143 169 220 253 46 213 187 72 39 41 10 162 91 92 35 223 109 176 208 56 43 236 210 168 13 213 74 112 45 200 105 129 25 150 215 16 180 193 251 172 146 241 103 193 51 83 208 134 103 168 93 130 139 79 187 27 149 24 250 33 125 54 161 137 17 11 245 80 2 36 124 4 199 198 51 251 0 86 33 64 194 162 22 158 33 188 194 85 24 146 157 223 31 64 12 87 83 33 172 165 241 155 38 23 107 9 155 152 16 89 232 60 217 60 80 169 6 235 3 125 190 24 52 147 106 42 135 97 200 91 116 91 238 0 92 55 227 17 133 163 45 175 4 61 128 70 186 173 241 180 120 10 45 51 245 30 152 192 44 206 164 253 118 219 237 135 237 62 108 126 132 173 140 180 117 48 201 12 211 162 96 245 143 191 34 51 156 91 247 235 199 190 59 12 187 205 5 41 166 208 2 171 122 61 253 215 102 134 62 100 6 68 156 73 145 165 134 37 115 132 151 111 98 49 68 35 78 172 215 172 222 23 54 142 83 7 141 57 86 134 90 155 88 185 162 96 224 136 148 13 35 209 109 204 153 138 129 10 143 188 94 43 184 177 4 182 129 76 79 155 216 233 125 42 137 255 59 121 161 61 124 174 25 125 160 251 122 206 129 229 169 209 173 39 117 120 232 99 42 90 117 248 222 184 132 4 128 172 144 132 183 146 156 152 217 51 84 99 22 14 203 29 254 92 5 89 13 66 113 199 46 120 202 136 194 248 72 135 15 21 228 67 51 246 6 245 240 143 65 27 136 159 229 33 92 5 200 240 17 242 80 10 99 252 143 17 34 92 132 8 71 78 155 230 80 56 111 213 194 104 0 10 60 50 46 83 26 83 46 8 67 67 231 73 7 199 53 54 54 70 44 130 38 116 22 204 89 32 240 210 66 97 113 82 114 27 97 35 229 48 187 13 80 36 165 71 72 81 121 202 185 164 228 82 12 123 108 84 90 106 156 219 220 229 76 182 89 189 132 185 81 244 216 100 116 232 96 122 109 103 33 202 226 166 99 8 246 248 7 252 37 182 61 97 136 140 55 248 217 249 118 215 205 16 137 252 243 73 141 101 247 124 239 231 124 234 91 184 77 128 9 47 166 170 168 138 46 233 154 205 218 87 127 93 110 247 10 241 118 13 204 103 182 127 250 1 222 119 92 195 251 46 73 17 182 211 137 120 40 47 48 223 66 200 132 28 146 176 34 138 247 33 219 37 128 253 225 239 66 36 198 155 33 184 226 31 180 203 91 67 189 51 179 160 211 39 231 159 11 43 37 199 176 116 131 242 106 161 142 33 235 252 14 27 160 230 42 210 201 85 162 252 33 223 70 133 8 0 166 40 241 218 250 196 154 207 48 146 83 222 35 17 71 252 196 194 9 147 14 25 8 49 228 47 163 35 52 37 215 73 173 48 130 68 246 78 144 251 151 247 72 159 153 164 24 57 248 68 157 157 12 181 32 4 78 78 204 165 205 15 230 12 130 130 162 83 21 242 225 125 10 162 152 116 234 167 31 141 24 219 74 182 204 65 12 134 151 132 158 244 212 246 100 148 161 99 173 0 91 75 125 112 95 238 114 159 144 78 251 161 219 207 38 178 105 58 133 203 221 103 152 154 131 228 106 247 99 135 25 255 87 84 73 150 64 42 75 225 120 162 110 66 34 32 155 186 209 229 8 172 54 186 5 209 125 226 149 60 54 117 186 53 63 157 28 15 48 130 180 106 233 42 180 250 71 139 108 94 187 40 18 188 18 247 228 141 4 133 181 110 98 105 19 29 184 82 129 34 212 172 68 133 125 68 77 177 83 35 124 73 107 138 76 122 132 158 215 53 181 87 134 33 133 164 33 248 41 52 66 128 39 216 127 161 103 179 15 169 215 10 242 206 73 250 16 194 38 214 63 17 176 25 119 40 245 144 59 160 118 82 2 73 210 40 38 157 71 237 104 148 52 23 227 154 81 181 61 30 186 205 178 168 34 120 18 77 137 74 174 95 185 9 51 97 179 202 12 138 35 106 171 207 13 30 234 75 226 180 3 208 15 205 120 41 227 254 9 198 141 41 159 29 100 19 253 193 39 236 107 164 120 91 82 211 229 40 130 244 42 68 157 77 20 41 173 100 246 11 98 165 210 41 200 45 90 18 156 92 152 117 40 14 165 116 166 77 32 240 5 219 243 57 211 68 8 237 208 128 142 151 167 223 112 95 48 200 221 24 32 37 197 2 226 73 110 10 148 10 209 155 184 42 26 177 39 37 202 66 25 221 177 5 178 92 195 184 217 131 102 165 33 91 2 139 159 67 17 53 253 242 42 227 202 184 197 202 54 14 128 77 2 32 204 164 112 122 16 71 75 38 149 242 116 128 89 125 247 241 221 15 97 154 187 116 234 144 151 144 205 131 7 50 67 53 188 61 108 58 156 233 156 57 10 233 43 9 13 182 237 49 214 213 158 70 107 240 115 14 87 36 200 3 206 32 174 190 77 25 18 3 60 91 203 28 116 80 101 52 90 189 244 39 73 0 72 18 221 38 204 144 163 167 136 55 221 151 84 233 190 188 86 67 17 145 3 54 97 110 26 131 139 68 40 73 214 150 165 10 230 179 210 32 123 156 216 53 97 223 36 82 162 124 252 20 251 204 247 136 209 11 142 34 69 99 172 139 152 150 252 204 24 138 160 34 65 98 101 73 195 106 222 52 98 69 131 168 149 8 80 105 34 165 22 188 145 113 77 130 32 184 202 78 247 20 177 26 18 179 222 98 169 52 158 9 70 229 201 85 98 40 144 213 61 35 153 183 10 91 75 237 170 18 96 14 14 243 163 180 12 19 187 229 121 196 143 182 62 217 81 8 77 151 183 56 66 61 30 108 233 96 146 4 60 242 194 129 25 68 30 49 214 132 128 206 165 136 73 88 101 5 4 144 137 218 208 251 101 22 225 68 87 23 152 207 173 75 234 154 85 111 57 34 145 40 45 67 226 148 239 84 187 32 248 106 226 25 251 178 90 33 13 197 180 172 35 129 78 18 218 99 37 153 246 5 3 133 64 84 202 20 200 100 163 149 119 73 180 136 20 253 214 75 122 9 66 143 84 234 98 31 62 224 132 74 243 35 50 97 3 145 98 79 170 79 8 121 191 156 77 73 15 25 193 138 254 56 149 191 66 189 182 197 26 243 113 115 56 180 201 63 231 70 134 98 144 130 232 159 50 62 197 47 12 60 184 168 180 29 199 69 139 74 87 89 233 246 88 221 226 188 253 178 88 189 181 76 61 45 114 246 197 18 87 138 9 185 11 189 128 94 65 95 228 39 239 43 88 128 57 182 248 81 58 209 95 228 96 140 69 118 41 73 171 161 72 176 5 167 127 188 38 165 206 243 66 226 185 36 250 172 72 165 20 202 58 12 12 6 172 164 80 11 101 121 187 147 21 112 149 36 95 161 244 76 195 63 63 149 69 68 79 65 251 75 44 232 49 48 80 134 88 84 70 20 169 50 197 85 212 49 91 85 156 63 35 49 49 244 51 250 164 38 221 170 145 72 70 48 131 78 39 45 81 164 151 76 113 21 53 58 5 237 35 12 44 69 52 225 188 116 172 137 216 178 226 239 154 179 137 23 212 144 90 105 229 233 14 86 120 40 13 59 76 3 23 13 123 66 73 182 132 108 55 88 243 132 223 171 112 192 202 92 10 38 249 77 102 171 208 24 39 86 190 52 15 22 65 77 101 100 61 123 228 149 150 179 82 208 169 187 228 209 31 37 226 147 165 233 40 195 173 217 100 146 23 76 25 90 82 227 251 127 70 227 99 185 86 98 209 191 249 89 50 52 113 161 172 100 98 136 77 155 98 59 149 158 197 7 179 238 97 208 213 254 225 240 98 117 51 218 66 211 214 123 82 204 124 214 232 48 230 196 220 241 77 42 185 215 42 43 178 15 117 22 254 174 172 128 82 16 196 69 215 73 80 147 12 133 34 218 78 37 43 233 169 175 201 153 85 84 124 226 221 84 237 200 245 164 157 254 32 34 225 4 64 172 127 212 214 113 244 120 139 95 118 123 240 80 93 179 244 27 119 113 130 215 99 60 63 55 193 203 118 42 80 102 50 76 36 162 210 32 181 8 186 99 243 55 238 75 198 12 163 64 146 126 68 59 135 43 118 153 119 71 207 198 236 240 220 86 33 197 139 204 101 126 26 144 172 232 31 108 72 74 193 21 34 235 218 75 158 91 70 16 19 246 33 77 94 147 23 43 60 217 156 204 100 105 145 170 194 137 77 73 179 210 144 10 144 57 153 138 54 31 144 130 120 113 51 70 153 3 138 41 123 47 243 38 255 254 230 249 221 152 205 118 211 225 59 31 199 118 123 201 155 124 199 41 174 72 127 114 81 120 246 11 71 248 174 193 177 95 143 38 197 162 49 164 78 222 196 144 159 74 177 89 64 38 183 185 184 50 150 154 84 62 105 150 201 178 44 109 71 255 175 60 136 130 200 168 133 3 121 102 172 90 210 113 232 97 15 165 206 180 83 48 137 224 74 3 210 98 186 228 181 26 66 206 224 98 79 125 10 152 7 136 54 56 8 186 112 94 44 145 74 28 42 4 125 169 38 179 114 204 199 76 122 162 85 218 139 250 39 240 35 130 147 73 176 236 73 235 144 128 92 175 100 249 42 150 2 11 150 136 128 116 100 37 74 174 6 153 148 82 61 216 180 93 33 69 68 170 164 78 82 9 196 153 21 53 209 100 94 210 0 33 221 53 59 37 81 75 185 88 238 163 109 74 182 74 110 4 152 14 71 46 188 111 165 158 227 197 134 162 64 166 180 128 215 88 37 211 83 82 182 14 41 233 232 211 127 82 165 28 100 59 165 217 104 125 156 237 52 106 206 76 30 150 231 230 197 219 150 35 38 236 235 113 215 166 184 249 255 158 175 111 14 131 31 23 186 176 170 117 221 249 250 6 223 179 24 121 8 241 130 20 40 122 190 182 104 96 20 208 138 244 37 75 37 238 125 97 238 116 179 195 87 49 219 149 234 10 29 15 32 21 185 166 34 68 249 69 149 146 211 161 199 107 20 215 236 134 210 200 61 53 97 49 14 46 151 154 56 93 201 167 32 36 61 201 215 41 25 52 166 212 11 78 15 24 184 146 156 144 240 211 25 169 137 169 155 13 127 165 192 233 8 74 194 79 82 168 63 145 112 57 139 133 4 231 73 41 22 175 64 167 193 47 113 22 67 33 237 132 169 183 203 96 139 231 74 123 223 177 152 247 78 82 69 141 138 49 8 219 5 76 32 106 203 238 103 214 90 205 32 196 68 222 65 39 83 162 161 164 185 92 203 51 77 190 105 148 191 197 227 252 153 192 205 136 119 129 240 76 224 229 240 74 58 99 13 135 230 146 242 172 135 100 138 44 175 226 123 91 56 88 173 216 201 70 151 38 61 162 198 132 148 24 205 175 64 167 213 16 160 157 58 35 47 95 161 128 193 87 179 49 209 234 55 120 75 73 64 103 81 117 74 53 20 187 242 17 161 18 22 193 211 2 135 135 170 233 241 42 196 174 47 18 100 59 116 82 149 248 104 158 134 57 81 2 65 12 216 68 134 57 85 140 110 141 145 143 171 198 96 166 88 160 37 168 26 201 243 90 124 11 115 123 34 163 99 176 167 122 84 90 41 34 244 196 148 240 241 157 68 74 177 20 247 12 38 54 20 12 82 81 198 145 32 106 163 63 168 29 189 188 80 78 171 50 217 98 166 250 42 99 72 11 202 114 170 115 8 218 88 100 63 229 121 86 173 206 109 54 71 127 149 195 229 200 22 26 130 146 32 40 110 57 105 38 42 165 17 168 167 166 45 208 238 6 187 98 217 242 30 105 42 181 201 26 25 196 169 143 4 18 21 242 163 141 233 89 140 40 222 167 124 234 72 174 210 132 45 216 67 82 132 53 134 40 177 184 83 41 217 55 22 12 177 77 101 78 242 73 228 211 0 21 91 170 51 25 82 116 73 52 237 218 230 167 94 130 64 205 234 149 5 45 41 252 104 215 252 148 192 210 250 141 110 17 184 196 196 163 188 100 202 235 46 208 78 103 82 18 26 223 24 51 233 97 76 154 213 27 106 194 190 196 75 78 192 7 20 148 159 146 46 113 203 208 186 45 84 165 181 4 150 210 106 229 171 68 158 93 220 88 234 124 47 37 68 70 119 40 171 3 112 149 175 55 105 110 60 132 239 241 45 26 90 94 21 152 16 102 154 22 6 129 201 96 15 155 18 165 175 34 198 241 132 74 9 112 169 155 58 101 3 13 155 34 12 162 3 168 11 91 170 171 74 80 154 147 126 73 228 217 227 181 145 82 114 103 131 58 27 138 155 184 144 8 229 250 137 149 154 172 169 90 162 114 5 159 92 187 53 147 91 127 155 74 226 39 59 187 18 129 167 90 82 66 34 82 120 185 91 41 79 185 224 238 115 80 234 95 101 26 113 81 230 42 137 254 246 42 85 209 246 176 237 176 104 136 151 191 45 119 93 89 147 64 212 194 211 223 232 68 116 42 117 45 179 12 221 94 187 129 174 254 53 34 118 196 52 227 136 47 146 46 213 58 156 203 95 186 94 186 120 101 192 71 245 126 125 102 82 254 183 220 202 31 142 59 127 211 198 165 218 162 89 221 22 201 139 177 162 16 81 104 84 81 204 166 233 19 33 11 100 111 246 40 205 227 43 39 98 126 123 27 83 95 154 136 166 39 124 117 24 221 137 68 228 78 247 97 156 79 109 149 47 157 176 98 74 142 170 193 140 188 244 132 189 124 80 37 83 186 168 152 242 1 165 97 87 63 172 154 90 248 166 37 73 48 112 132 23 111 136 182 187 63 209 185 141 152 3 48 65 234 252 24 94 154 70 136 78 41 163 211 37 94 47 185 158 64 40 212 55 219 118 99 184 58 75 193 92 22 145 2 123 178 82 103 198 161 160 130 155 136 148 72 57 35 118 161 38 236 33 49 249 160 52 67 51 115 34 242 188 221 29 24 22 240 11 190 152 244 248 80 31 176 254 54 63 53 159 134 250 242 149 47 223 161 139 161 180 197 139 63 27 157 72 35 54 180 31 49 226 125 94 63 207 66 46 80 80 9 1 127 187 8 116 106 172 133 172 202 143 101 104 8 215 220 164 214 242 122 46 192 170 17 197 116 158 188 163 38 193 49 146 142 186 69 101 42 207 208 204 173 86 143 138 227 92 133 159 215 54 249 228 193 226 192 214 252 212 3 74 147 225 165 103 194 77 127 16 29 146 241 222 188 227 199 60 242 77 200 4 91 77 216 251 147 114 29 195 9 192 198 15 100 16 45 105 233 84 116 75 172 102 226 165 130 75 141 73 89 157 120 35 56 230 242 245 174 79 8 170 221 30 179 226 135 151 214 17 84 89 78 147 89 32 93 31 207 128 40 179 18 78 169 38 47 201 210 68 234 99 181 39 40 211 134 162 75 42 90 7 76 120 212 35 139 112 151 36 98 92 27 84 109 152 120 21 78 20 128 176 215 100 213 148 97 69 17 165 31 111 144 86 198 45 45 102 81 32 61 240 89 41 249 114 134 64 90 133 254 62 60 138 6 190 40 124 13 255 192 187 127 247 219 93 59 44 119 15 226 194 84 66 21 36 233 249 209 200 226 130 32 84 0 122 78 19 49 182 37 81 243 28 63 230 78 246 20 71 62 38 18 178 168 22 112 73 84 167 205 66 244 37 95 37 25 54 145 97 200 135 130 240 90 110 104 36 26 127 245 45 105 16 49 53 61 253 131 143 37 215 48 42 231 218 225 53 44 120 171 117 253 170 234 106 32 253 210 4 210 112 80 233 13 245 194 87 117 253 220 140 105 227 3 41 17 161 251 243 90 106 139 132 162 78 155 78 102 181 108 211 133 189 131 105 18 99 165 30 226 202 38 89 194 73 45 49 185 44 230 242 242 10 85 221 74 65 162 47 149 105 98 105 72 141 36 1 57 215 68 212 68 170 9 210 236 64 93 18 243 54 150 171 72 139 234 36 89 200 81 43 8 122 98 211 98 95 107 22 188 66 181 194 227 101 89 191 138 154 85 37 40 97 168 180 30 137 28 149 213 19 198 45 31 148 40 100 39 206 68 100 18 218 73 125 9 78 123 206 13 138 77 106 203 176 20 30 115 109 175 146 32 21 75 33 83 46 138 37 65 233 149 74 237 117 212 89 0 37 163 165 21 65 236 192 44 60 201 22 90 210 12 244 25 216 233 166 71 129 203 251 202 127 180 91 197 59 245 240 65 135 61 149 108 217 64 38 147 216 19 187 130 109 190 229 37 183 14 49 28 159 97 32 180 49 128 6 37 43 186 31 175 41 107 121 77 74 169 125 230 105 10 179 147 139 148 5 66 100 255 57 179 28 161 210 100 48 84 222 65 120 138 33 69 41 39 49 163 92 148 131 148 248 60 93 123 82 124 238 153 62 50 168 166 1 186 161 85 189 98 184 112 151 32 175 36 53 82 113 73 252 92 6 227 23 32 179 18 151 184 230 177 187 124 40 194 126 235 178 183 77 104 253 102 24 182 152 50 205 12 69 248 166 208 244 8 167 3 66 99 100 106 226 248 220 126 82 161 210 30 114 85 89 142 79 96 41 235 245 152 10 106 177 134 253 58 252 180 4 190 107 191 92 67 97 94 41 38 225 233 78 117 154 203 70 145 164 214 183 76 238 26 227 68 159 70 150 95 144 44 145 229 247 37 20 206 2 171 162 65 231 99 64 144 182 130 156 180 216 80 20 68 83 92 164 38 229 144 232 20 80 121 66 228 213 71 228 196 64 9 151 228 72 37 185 192 228 155 9 9 179 111 108 228 21 9 17 101 87 146 82 139 20 149 158 85 137 131 68 95 74 130 9 219 115 68 77 66 227 5 81 22 116 157 231 147 164 202 139 100 126 175 7 138 244 145 94 196 22 119 54 72 76 58 81 89 118 129 10 33 7 92 235 88 228 128 223 27 57 46 218 249 97 236 86 18 67 194 124 147 38 91 191 242 172 207 54 194 76 174 83 234 75 242 51 126 242 168 92 88 190 103 252 204 59 111 54 120 231 205 128 223 203 136 56 156 201 133 126 0 57 46 238 222 253 249 90 198 232 241 62 205 241 97 99 92 119 85 191 63 132 67 104 51 163 194 167 77 80 110 240 227 58 12 47 31 243 224 15 233 129 114 9 253 128 246 87 139 106 207 137 45 232 33 106 169 152 85 48 233 145 234 45 178 97 46 209 200 198 101 9 166 74 57 104 22 136 73 228 146 4 73 169 135 86 37 152 143 84 7 73 12 21 22 89 238 72 212 95 89 26 116 46 233 152 78 197 69 186 249 74 6 249 17 33 246 225 53 15 40 240 186 98 254 146 227 22 81 16 146 217 2 20 179 174 4 32 27 1 80 202 65 106 228 171 134 70 194 119 26 52 67 35 77 118 41 73 74 48 226 100 142 228 131 1 153 74 204 58 247 48 165 241 83 114 37 96 82 149 23 253 247 5 129 161 55 168 41 251 130 205 242 252 244 248 181 194 126 23 170 172 37 81 41 53 61 251 18 35 202 154 212 139 201 12 175 135 71 209 122 27 157 174 216 164 73 143 164 104 105 145 42 46 157 31 42 119 116 198 193 13 162 69 43 82 128 82 32 128 87 112 75 119 64 66 231 90 21 68 50 189 238 84 250 156 243 99 104 168 234 77 33 40 230 148 82 57 73 66 84 186 170 22 2 218 203 205 190 252 72 228 122 236 142 71 252 98 199 89 179 87 95 230 207 92 54 65 249 165 13 203 66 73 21 39 245 148 122 114 25 62 169 136 125 109 196 104 56 54 164 65 43 128 194 244 50 201 241 54 118 245 184 100 23 250 147 164 120 163 154 177 164 254 220 184 27 205 198 79 72 171 40 211 31 242 87 185 73 73 77 12 229 90 231 220 180 34 81 171 233 162 93 99 191 95 83 181 30 191 68 178 121 184 50 192 78 129 156 151 106 203 225 147 33 56 22 123 206 165 65 216 65 222 0 160 240 226 39 164 7 62 33 5 87 58 54 240 58 151 54 21 112 37 178 76 227 26 170 197 35 73 225 110 34 18 106 33 203 74 64 207 56 133 68 225 27 174 197 194 182 96 160 11 231 231 81 147 154 229 249 151 73 185 146 154 16 43 223 36 150 84 212 189 86 141 79 88 98 40 16 149 130 112 14 192 160 206 242 211 5 4 248 253 60 53 169 149 121 21 98 6 182 163 186 20 130 159 146 27 201 58 233 86 57 183 154 8 240 206 3 49 245 249 140 227 162 197 31 18 172 122 209 91 164 91 197 90 169 105 118 125 232 186 1 133 119 14 44 155 247 44 154 203 23 206 70 77 9 190 0 4 22 55 3 98 25 134 33 60 12 46 186 22 189 36 107 74 114 90 26 147 221 201 128 157 159 187 129 18 31 159 209 250 11 57 37 141 123 113 112 64 10 38 3 50 88 19 209 84 13 153 240 143 169 57 147 31 78 213 156 16 59 195 48 157 164 49 134 84 148 80 8 1 110 43 144 62 133 230 117 30 142 212 80 135 64 102 224 242 18 93 153 52 15 46 146 248 198 194 75 114 100 0 154 91 59 244 148 37 107 83 38 70 26 144 122 242 122 6 251 10 46 170 204 190 178 47 137 168 7 243 6 4 185 70 213 194 117 121 252 146 33 222 155 63 87 173 86 101 139 193 61 119 128 93 208 18 62 221 8 0 47 151 127 113 177 141 119 150 109 247 195 26 111 183 61 43 127 53 7 206 60 40 46 130 148 182 160 157 105 10 218 136 83 49 88 34 246 171 146 47 149 102 199 146 145 108 202 23 85 176 67 69 201 71 73 50 155 27 100 50 71 139 2 61 124 118 45 27 12 98 143 91 11 9 110 157 197 24 143 79 20 83 68 195 69 162 212 196 69 190 75 89 109 176 244 211 7 82 156 9 84 113 74 90 242 19 210 208 56 147 172 227 69 70 166 194 114 127 202 171 248 139 111 195 219 226 103 114 247 61 126 72 243 188 63 121 60 132 183 225 61 102 97 39 151 34 255 122 85 251 75 216 102 205 126 123 203 107 72 172 138 31 22 68 101 38 197 21 94 212 114 196 193 221 29 222 32 177 168 152 253 102 46 203 98 3 29 223 226 82 14 15 219 68 233 86 229 8 114 149 220 171 172 177 158 229 222 18 159 229 95 155 19 201 184 93 150 216 48 34 233 178 188 102 232 211 13 127 102 9 202 27 21 39 223 221 243 145 88 114 253 200 112 74 244 39 43 230 166 195 103 69 245 5 84 212 157 209 129 24 176 214 34 200 131 46 146 167 212 196 251 84 83 50 245 241 124 68 248 223 168 156 21 220 154 149 169 27 89 169 137 243 226 224 164 253 100 103 65 21 8 177 154 104 249 78 122 39 45 61 93 16 124 90 201 249 241 137 108 92 243 35 244 162 174 89 4 59 75 49 253 193 39 53 67 205 73 212 54 227 248 200 252 243 168 151 181 28 240 90 208 16 115 103 70 228 233 94 31 29 167 254 94 196 164 14 234 113 20 29 155 179 175 204 75 147 93 29 246 100 6 189 105 72 7 13 83 81 103 157 229 4 194 151 238 81 86 117 57 152 214 185 72 234 62 75 205 64 189 137 109 179 29 105 138 69 35 93 30 44 83 119 68 85 102 176 116 136 37 120 145 201 65 82 210 129 78 74 93 74 158 174 11 246 183 19 138 57 131 84 15 100 12 228 227 228 164 27 10 56 194 37 25 46 117 151 50 106 125 154 129 172 148 90 158 95 170 37 42 217 96 74 189 146 119 212 235 3 36 174 190 153 188 164 47 49 179 103 97 137 40 45 135 19 11 7 179 50 8 29 57 235 143 66 36 139 179 167 250 145 162 17 191 52 56 30 143 45 195 204 134 54 188 152 105 246 101 188 62 230 199 31 174 253 248 238 227 99 222 197 187 184 154 213 184 143 31 223 220 33 250 23 252 144 7 150 143 100 17 154 136 64 87 145 162 150 22 197 105 74 135 53 75 45 23 41 188 85 255 201 97 149 115 73 222 35 32 219 76 191 9 212 190 12 25 6 11 193 226 167 89 176 70 23 61 202 189 33 244 85 198 125 80 27 231 31 220 37 244 149 244 182 39 225 185 141 50 151 220 200 68 2 202 133 233 211 169 199 116 40 15 188 180 198 64 210 10 113 169 38 113 74 90 148 151 105 71 99 35 197 171 197 113 101 73 12 134 241 196 22 36 98 165 78 129 72 140 29 120 77 238 78 50 212 99 129 130 148 87 162 174 239 228 41 35 244 169 127 106 35 122 85 22 179 255 7 48 179 40 36 10 101 110 100 115 116 114 101 97 109 10 101 110 100 111 98 106 10 53 32 48 32 111 98 106 10 54 57 49 55 10 101 110 100 111 98 106 10 50 32 48 32 111 98 106 10 60 60 32 47 84 121 112 101 32 47 80 97 103 101 32 47 80 97 114 101 110 116 32 51 32 48 32 82 32 47 82 101 115 111 117 114 99 101 115 32 54 32 48 32 82 32 47 67 111 110 116 101 110 116 115 32 52 32 48 32 82 32 47 77 101 100 105 97 66 111 120 32 91 48 32 48 32 54 49 50 32 55 57 50 93 10 62 62 10 101 110 100 111 98 106 10 54 32 48 32 111 98 106 10 60 60 32 47 80 114 111 99 83 101 116 32 91 32 47 80 68 70 32 47 84 101 120 116 32 93 32 47 67 111 108 111 114 83 112 97 99 101 32 60 60 32 47 67 115 49 32 55 32 48 32 82 32 62 62 32 47 70 111 110 116 32 60 60 32 47 84 84 51 32 49 48 32 48 32 82 10 47 84 84 50 32 57 32 48 32 82 32 47 84 84 52 32 49 49 32 48 32 82 32 62 62 32 62 62 10 101 110 100 111 98 106 10 49 50 32 48 32 111 98 106 10 60 60 32 47 76 101 110 103 116 104 32 49 51 32 48 32 82 32 47 78 32 51 32 47 65 108 116 101 114 110 97 116 101 32 47 68 101 118 105 99 101 82 71 66 32 47 70 105 108 116 101 114 32 47 70 108 97 116 101 68 101 99 111 100 101 32 62 62 10 115 116 114 101 97 109 10 120 1 157 150 119 84 83 217 22 135 207 189 55 189 208 18 34 32 37 244 26 122 9 32 210 59 72 21 4 81 137 73 128 80 2 134 132 38 118 68 5 70 20 17 41 86 100 84 192 1 71 135 34 99 69 20 11 131 130 98 215 9 242 16 80 198 193 81 68 69 229 221 140 107 9 239 173 53 243 222 154 253 199 89 223 217 231 183 215 217 103 239 125 215 186 0 80 252 130 4 194 116 88 1 128 52 161 88 20 238 235 193 92 18 19 203 196 247 2 24 16 1 14 88 1 192 225 102 102 4 71 248 68 2 212 252 189 61 153 153 168 72 198 179 246 238 46 128 100 187 219 44 191 80 38 115 214 255 127 145 34 55 67 36 6 0 10 69 213 54 60 126 38 23 229 2 148 83 179 197 25 50 255 4 202 244 149 41 50 134 49 50 22 161 9 162 172 34 227 196 175 108 246 167 230 43 187 201 152 151 38 228 161 26 89 206 25 188 52 158 140 187 80 222 154 37 225 163 140 4 161 92 152 37 224 103 163 124 7 101 189 84 73 154 0 229 247 40 211 211 248 156 76 0 48 20 153 95 204 231 38 161 108 137 50 69 20 25 238 137 242 2 0 8 148 196 57 188 114 14 139 249 57 104 158 0 120 166 103 228 138 4 137 73 98 166 17 215 152 105 229 232 200 102 250 241 179 83 249 98 49 43 148 195 77 225 136 120 76 207 244 180 12 142 48 23 128 175 111 150 69 1 37 89 109 153 104 145 237 173 28 237 237 89 214 230 104 249 191 217 223 30 126 83 253 61 200 122 251 85 241 38 236 207 158 65 140 158 89 223 108 236 172 47 189 22 0 246 36 90 155 29 179 190 149 85 0 180 109 6 64 229 225 172 79 239 32 0 242 5 0 180 222 156 243 30 134 108 94 146 196 226 12 39 11 139 236 236 108 115 1 159 107 46 43 232 55 251 159 130 111 202 191 134 57 247 153 203 238 251 86 59 166 23 63 129 35 73 21 51 101 69 229 166 167 166 75 68 204 204 12 14 151 207 100 253 247 16 255 227 192 57 105 205 201 195 44 156 159 192 23 241 133 232 85 81 232 148 9 132 137 104 187 133 60 129 88 144 46 100 10 132 127 213 225 127 24 54 39 7 25 126 157 107 20 104 117 95 0 125 133 57 80 184 73 7 200 111 61 0 67 35 3 36 110 63 122 2 125 235 91 16 49 10 200 190 188 104 173 145 175 115 143 50 122 254 231 250 31 11 92 138 110 225 76 65 34 83 230 246 12 143 100 114 37 162 44 25 163 223 132 108 193 2 18 144 7 116 160 10 52 129 46 48 2 44 96 13 28 128 51 112 3 222 32 0 132 128 72 16 3 150 3 46 72 2 105 64 4 178 65 62 216 0 10 65 49 216 1 118 131 106 112 0 212 129 122 208 4 78 130 54 112 6 92 4 87 192 13 112 11 12 128 71 64 10 134 193 75 48 1 222 129 105 8 130 240 16 21 162 65 170 144 22 164 15 153 66 214 16 27 90 8 121 67 65 80 56 20 3 197 67 137 144 16 146 64 249 208 38 168 24 42 131 170 161 67 80 61 244 35 116 26 186 8 93 131 250 160 7 208 32 52 6 253 1 125 132 17 152 2 211 97 13 216 0 182 128 217 176 59 28 8 71 194 203 224 68 120 21 156 7 23 192 219 225 74 184 22 62 14 183 194 23 225 27 240 0 44 133 95 194 147 8 64 200 8 3 209 70 88 8 27 241 68 66 144 88 36 1 17 33 107 145 34 164 2 169 69 154 144 14 164 27 185 141 72 145 113 228 3 6 135 161 97 152 24 22 198 25 227 135 89 140 225 98 86 97 214 98 74 48 213 152 99 152 86 76 23 230 54 102 16 51 129 249 130 165 98 213 177 166 88 39 172 63 118 9 54 17 155 141 45 196 86 96 143 96 91 176 151 177 3 216 97 236 59 28 14 199 192 25 226 28 112 126 184 24 92 50 110 53 174 4 183 15 215 140 187 128 235 195 13 225 38 241 120 188 42 222 20 239 130 15 193 115 240 98 124 33 190 10 127 28 127 30 223 143 31 198 191 39 144 9 90 4 107 130 15 33 150 32 36 108 36 84 16 26 8 231 8 253 132 17 194 52 81 129 168 79 116 34 134 16 121 196 92 98 41 177 142 216 65 188 73 28 38 78 147 20 73 134 36 23 82 36 41 153 180 129 84 73 106 34 93 38 61 38 189 33 147 201 58 100 71 114 24 89 64 94 79 174 36 159 32 95 37 15 146 63 80 148 40 38 20 79 74 28 69 66 217 78 57 74 185 64 121 64 121 67 165 82 13 168 110 212 88 170 152 186 157 90 79 189 68 125 74 125 47 71 147 51 151 243 151 227 201 173 147 171 145 107 149 235 151 123 37 79 148 215 151 119 151 95 46 159 39 95 33 127 74 254 166 252 184 2 81 193 64 193 83 129 163 176 86 161 70 225 180 194 61 133 73 69 154 162 149 98 136 98 154 98 137 98 131 226 53 197 81 37 188 146 129 146 183 18 79 169 64 233 176 210 37 165 33 26 66 211 165 121 210 184 180 77 180 58 218 101 218 48 29 71 55 164 251 211 147 233 197 244 31 232 189 244 9 101 37 101 91 229 40 229 28 229 26 229 179 202 82 6 194 48 96 248 51 82 25 165 140 147 140 187 140 143 243 52 230 185 207 227 207 219 54 175 105 94 255 188 41 149 249 42 110 42 124 149 34 149 102 149 1 149 143 170 76 85 111 213 20 213 157 170 109 170 79 212 48 106 38 106 97 106 217 106 251 213 46 171 141 207 167 207 119 158 207 157 95 52 255 228 252 135 234 176 186 137 122 184 250 106 245 195 234 61 234 147 26 154 26 190 26 25 26 85 26 151 52 198 53 25 154 110 154 201 154 229 154 231 52 199 180 104 90 11 181 4 90 229 90 231 181 94 48 149 153 238 204 84 102 37 179 139 57 161 173 174 237 167 45 209 62 164 221 171 61 173 99 168 179 88 103 163 78 179 206 19 93 146 46 91 55 65 183 92 183 83 119 66 79 75 47 88 47 95 175 81 239 161 62 81 159 173 159 164 191 71 191 91 127 202 192 208 32 218 96 139 65 155 193 168 161 138 161 191 97 158 97 163 225 99 35 170 145 171 209 42 163 90 163 59 198 56 99 182 113 138 241 62 227 91 38 176 137 157 73 146 73 141 201 77 83 216 212 222 84 96 186 207 180 207 12 107 230 104 38 52 171 53 187 199 162 176 220 89 89 172 70 214 160 57 195 60 200 124 163 121 155 249 43 11 61 139 88 139 157 22 221 22 95 44 237 44 83 45 235 44 31 89 41 89 5 88 109 180 234 176 250 195 218 196 154 107 93 99 125 199 134 106 227 99 179 206 166 221 230 181 173 169 45 223 118 191 237 125 59 154 93 176 221 22 187 78 187 207 246 14 246 34 251 38 251 49 7 61 135 120 135 189 14 247 216 116 118 40 187 132 125 213 17 235 232 225 184 206 241 140 227 7 39 123 39 177 211 73 167 223 157 89 206 41 206 13 206 163 11 12 23 240 23 212 45 24 114 209 113 225 184 28 114 145 46 100 46 140 95 120 112 161 212 85 219 149 227 90 235 250 204 77 215 141 231 118 196 109 196 221 216 61 217 253 184 251 43 15 75 15 145 71 139 199 148 167 147 231 26 207 11 94 136 151 175 87 145 87 175 183 146 247 98 239 106 239 167 62 58 62 137 62 141 62 19 190 118 190 171 125 47 248 97 253 2 253 118 250 221 243 215 240 231 250 215 251 79 4 56 4 172 9 232 10 164 4 70 4 86 7 62 11 50 9 18 5 117 4 195 193 1 193 187 130 31 47 210 95 36 92 212 22 2 66 252 67 118 133 60 9 53 12 93 21 250 115 24 46 44 52 172 38 236 121 184 85 120 126 120 119 4 45 98 69 68 67 196 187 72 143 200 210 200 71 139 141 22 75 22 119 70 201 71 197 69 213 71 77 69 123 69 151 69 75 151 88 44 89 179 228 70 140 90 140 32 166 61 22 31 27 21 123 36 118 114 169 247 210 221 75 135 227 236 226 10 227 238 46 51 92 150 179 236 218 114 181 229 169 203 207 174 144 95 193 89 113 42 30 27 31 29 223 16 255 137 19 194 169 229 76 174 244 95 185 119 229 4 215 147 187 135 251 146 231 198 43 231 141 241 93 248 101 252 145 4 151 132 178 132 209 68 151 196 93 137 99 73 174 73 21 73 227 2 79 65 181 224 117 178 95 242 129 228 169 148 144 148 163 41 51 169 209 169 205 105 132 180 248 180 211 66 37 97 138 176 43 93 51 61 39 189 47 195 52 163 48 67 186 202 105 213 238 85 19 162 64 209 145 76 40 115 89 102 187 152 142 254 76 245 72 140 36 155 37 131 89 11 179 106 178 222 103 71 101 159 202 81 204 17 230 244 228 154 228 110 203 29 201 243 201 251 126 53 102 53 119 117 103 190 118 254 134 252 193 53 238 107 14 173 133 214 174 92 219 185 78 119 93 193 186 225 245 190 235 143 109 32 109 72 217 240 203 70 203 141 101 27 223 110 138 222 212 81 160 81 176 190 96 104 179 239 230 198 66 185 66 81 225 189 45 206 91 14 108 197 108 21 108 237 221 102 179 173 106 219 151 34 94 209 245 98 203 226 138 226 79 37 220 146 235 223 89 125 87 249 221 204 246 132 237 189 165 246 165 251 119 224 118 8 119 220 221 233 186 243 88 153 98 89 94 217 208 174 224 93 173 229 204 242 162 242 183 187 87 236 190 86 97 91 113 96 15 105 143 100 143 180 50 168 178 189 74 175 106 71 213 167 234 164 234 129 26 143 154 230 189 234 123 183 237 157 218 199 219 215 191 223 109 127 211 1 141 3 197 7 62 30 20 28 188 127 200 247 80 107 173 65 109 197 97 220 225 172 195 207 235 162 234 186 191 103 127 95 127 68 237 72 241 145 207 71 133 71 165 199 194 143 117 213 59 212 215 55 168 55 148 54 194 141 146 198 177 227 113 199 111 253 224 245 67 123 19 171 233 80 51 163 185 248 4 56 33 57 241 226 199 248 31 239 158 12 60 217 121 138 125 170 233 39 253 159 246 182 208 90 138 90 161 214 220 214 137 182 164 54 105 123 76 123 223 233 128 211 157 29 206 29 45 63 155 255 124 244 140 246 153 154 179 202 103 75 207 145 206 21 156 155 57 159 119 126 242 66 198 133 241 139 137 23 135 58 87 116 62 186 180 228 210 157 174 176 174 222 203 129 151 175 94 241 185 114 169 219 189 251 252 85 151 171 103 174 57 93 59 125 157 125 189 237 134 253 141 214 30 187 158 150 95 236 126 105 233 181 239 109 189 233 112 179 253 150 227 173 142 190 5 125 231 250 93 251 47 222 246 186 125 229 142 255 157 27 3 139 6 250 238 46 190 123 255 94 220 61 233 125 222 253 209 7 169 15 94 63 204 122 56 253 104 253 99 236 227 162 39 10 79 42 158 170 63 173 253 213 248 215 102 169 189 244 236 160 215 96 207 179 136 103 143 134 184 67 47 255 149 249 175 79 195 5 207 169 207 43 70 180 70 234 71 173 71 207 140 249 140 221 122 177 244 197 240 203 140 151 211 227 133 191 41 254 182 247 149 209 171 159 126 119 251 189 103 98 201 196 240 107 209 235 153 63 74 222 168 190 57 250 214 246 109 231 100 232 228 211 119 105 239 166 167 138 222 171 190 63 246 129 253 161 251 99 244 199 145 233 236 79 248 79 149 159 141 63 119 124 9 252 242 120 38 109 102 230 223 247 132 243 251 10 101 110 100 115 116 114 101 97 109 10 101 110 100 111 98 106 10 49 51 32 48 32 111 98 106 10 50 54 49 50 10 101 110 100 111 98 106 10 55 32 48 32 111 98 106 10 91 32 47 73 67 67 66 97 115 101 100 32 49 50 32 48 32 82 32 93 10 101 110 100 111 98 106 10 49 53 32 48 32 111 98 106 10 60 60 32 47 76 101 110 103 116 104 32 49 54 32 48 32 82 32 47 70 105 108 116 101 114 32 47 70 108 97 116 101 68 101 99 111 100 101 32 62 62 10 115 116 114 101 97 109 10 120 1 237 157 219 142 36 199 113 134 239 235 41 202 240 77 47 176 83 234 115 79 195 87 242 74 6 214 240 46 68 204 146 190 16 116 65 81 67 91 2 201 53 73 217 207 239 168 140 252 254 136 174 172 158 169 153 221 1 101 88 32 136 222 174 202 140 195 31 199 204 172 174 249 177 255 162 255 177 223 220 14 155 125 191 217 15 155 227 249 124 219 31 78 199 254 116 60 15 187 93 255 211 125 255 239 253 15 253 175 222 252 188 233 191 249 185 95 151 255 126 254 198 230 172 135 237 222 191 143 255 216 29 71 10 187 219 225 176 95 175 183 221 55 223 247 255 252 161 63 248 240 250 241 225 251 254 87 31 62 108 251 77 255 225 219 126 245 15 175 250 15 127 233 127 251 193 248 143 18 236 214 187 97 189 237 119 135 97 191 53 2 253 113 216 238 206 231 243 40 211 113 223 45 150 162 82 169 98 244 51 98 116 151 98 252 99 136 209 168 180 62 15 155 81 166 229 212 38 74 61 5 214 110 221 95 133 245 180 223 13 199 227 156 54 189 107 99 182 27 65 253 125 191 250 243 43 51 204 166 91 253 215 171 254 198 44 212 175 126 46 23 250 213 127 143 159 246 253 123 110 244 175 250 253 118 56 244 171 63 113 229 227 119 117 236 199 159 234 224 254 85 231 99 160 226 228 251 213 95 153 35 42 95 115 69 12 238 53 232 117 33 215 173 52 248 155 74 255 227 15 245 31 208 191 231 142 230 6 21 52 248 233 85 87 52 17 53 177 150 38 136 41 20 184 0 31 216 252 121 164 181 233 87 200 241 31 69 11 187 32 226 247 128 2 9 73 54 8 164 10 228 219 87 157 99 14 53 13 189 23 221 251 128 182 206 98 176 84 175 172 187 213 199 70 159 143 13 207 223 65 79 32 220 163 227 61 148 255 138 92 82 106 170 211 31 49 158 196 107 57 221 141 234 154 103 221 75 42 145 3 205 176 208 56 180 245 61 36 147 134 18 58 68 173 110 123 111 99 254 208 127 248 215 200 16 15 5 83 247 132 28 117 218 158 135 237 131 193 212 17 76 210 84 114 54 14 37 228 208 61 233 120 179 61 108 135 219 46 2 12 23 18 57 197 74 178 171 207 234 87 142 119 127 129 119 199 77 240 130 34 92 249 62 67 239 125 177 31 137 160 91 225 3 124 74 40 67 30 54 63 226 23 104 7 125 248 105 108 167 68 115 47 165 116 179 95 137 184 66 34 221 188 84 166 91 9 211 255 140 8 67 34 133 99 176 73 126 126 233 50 221 67 46 179 176 172 157 214 86 127 122 247 153 7 170 90 36 96 144 154 67 1 244 190 39 32 229 78 138 59 185 28 99 35 255 205 216 244 55 5 160 78 201 157 73 141 121 34 22 101 9 165 36 38 85 211 116 145 220 185 51 67 142 91 210 128 49 19 253 187 85 18 123 121 64 207 90 167 107 42 116 105 58 78 214 35 220 62 24 208 170 142 41 91 214 84 61 151 45 107 10 50 15 189 172 152 130 14 29 61 247 118 181 232 6 198 207 86 185 123 180 207 218 88 135 180 222 237 15 253 227 90 123 26 27 43 89 110 180 74 76 172 215 155 167 116 123 243 192 143 68 78 235 245 176 95 128 189 164 232 188 221 123 142 20 243 61 231 40 197 241 246 56 172 143 139 194 243 95 176 29 254 74 237 26 11 206 214 218 224 177 23 240 254 34 23 100 191 163 228 165 44 68 242 156 82 21 177 159 107 131 113 81 53 157 90 227 78 138 72 168 133 76 46 173 21 95 165 21 5 158 82 135 120 234 150 250 56 9 46 158 67 52 81 46 205 187 234 237 26 129 16 52 24 68 60 192 137 157 178 153 166 50 132 79 221 72 129 225 92 191 162 192 212 56 156 73 62 170 6 8 52 197 92 144 72 34 31 209 69 213 193 200 232 240 67 85 150 239 18 80 36 116 133 24 135 4 82 104 100 234 237 4 179 110 194 136 89 223 85 119 64 7 177 105 144 121 3 50 205 80 80 197 181 140 217 76 98 253 108 33 126 60 109 108 77 182 104 241 81 181 73 171 15 33 146 139 180 55 201 38 246 205 249 60 156 211 98 66 104 0 54 237 185 200 96 176 152 12 26 31 99 142 55 159 31 185 83 155 152 168 146 49 89 12 85 118 227 30 184 195 82 50 88 84 121 130 208 236 152 148 7 121 245 104 90 168 41 18 101 89 84 145 80 228 230 160 174 247 208 79 107 38 124 74 1 2 90 51 114 225 135 2 69 130 18 222 154 244 186 246 20 161 212 67 82 129 14 12 144 242 94 147 180 250 16 239 160 76 131 7 21 133 178 64 146 88 247 117 250 69 67 81 161 121 67 172 0 73 163 84 194 200 189 163 234 31 78 193 20 19 238 121 209 212 61 186 61 82 74 213 225 52 238 115 204 108 76 196 82 190 243 165 60 254 27 203 64 129 129 111 170 123 25 33 221 159 134 125 63 182 245 73 126 171 220 159 165 212 222 238 135 237 233 116 234 143 69 252 69 149 22 155 54 85 13 225 171 54 238 255 46 60 115 240 166 11 181 202 146 146 17 50 168 34 197 86 172 218 23 168 88 220 141 174 108 21 253 162 248 214 123 138 120 40 74 78 103 222 118 117 216 131 9 114 214 86 74 25 202 195 33 104 161 24 52 52 48 104 48 4 95 230 59 164 134 90 187 98 198 103 118 255 10 144 50 68 219 69 232 74 200 210 213 89 191 107 90 35 133 178 8 202 107 219 220 136 82 157 118 100 64 74 6 39 103 4 111 92 255 215 164 1 177 188 255 154 149 22 40 26 131 20 30 108 125 46 43 150 182 69 55 254 119 109 155 174 132 183 109 151 29 31 9 111 219 169 235 108 167 174 81 94 190 32 199 74 42 150 149 200 91 20 12 109 220 229 113 77 247 17 115 120 98 76 209 1 140 140 108 184 91 175 121 73 43 90 77 195 172 176 151 128 178 36 119 20 76 117 11 209 246 174 200 167 83 29 222 77 137 169 205 150 213 196 199 133 45 9 226 202 74 76 146 232 31 83 69 47 249 119 179 219 42 174 30 224 169 192 254 79 129 219 242 135 4 2 86 255 140 176 6 85 240 144 52 160 48 149 74 3 252 70 215 122 195 216 251 23 165 161 29 246 72 42 45 247 229 197 123 232 251 219 195 112 62 90 199 103 255 95 241 229 186 135 94 55 61 180 182 171 91 249 79 42 56 37 166 30 140 40 91 40 108 31 143 168 113 199 182 251 212 117 238 3 43 204 205 110 184 125 232 88 35 54 128 180 199 240 17 163 71 180 246 55 187 225 52 110 193 121 168 201 11 204 214 126 7 7 99 170 138 18 213 128 1 114 73 83 219 167 202 91 21 252 162 138 0 16 225 59 30 175 129 182 150 25 247 69 198 146 137 219 73 70 113 228 142 102 169 213 83 208 215 73 51 171 57 145 211 216 228 205 174 8 25 66 35 106 234 143 112 19 103 208 80 14 17 121 84 109 132 245 136 12 90 12 152 78 120 157 202 108 49 26 38 17 14 142 94 116 144 8 195 64 40 75 218 214 66 19 38 177 137 58 149 6 75 65 91 144 219 133 151 200 1 167 227 112 60 237 14 253 177 248 253 92 187 122 153 3 172 158 9 122 233 219 212 24 164 7 25 87 223 27 192 130 49 16 162 62 106 139 54 55 160 32 94 238 210 86 119 240 237 4 237 114 128 242 113 231 178 126 254 96 75 216 199 86 199 181 159 87 89 151 7 161 5 159 186 145 98 194 12 176 235 87 117 219 42 28 4 100 198 50 225 67 52 153 91 186 211 160 71 12 100 47 186 56 176 209 212 71 77 88 71 198 113 2 54 94 146 185 170 228 88 189 106 208 173 208 0 90 216 148 239 82 85 114 234 10 180 124 232 92 93 21 26 13 200 36 30 17 195 219 192 11 254 216 75 236 185 33 64 25 1 5 217 222 153 22 151 119 179 189 31 243 140 37 92 70 162 0 159 18 70 204 68 139 163 129 72 65 176 189 62 54 24 49 246 117 36 186 81 162 32 134 4 124 186 36 38 170 4 192 78 202 212 210 191 246 157 69 207 231 133 223 227 79 27 140 253 246 193 154 149 7 31 55 136 186 252 112 246 221 216 10 247 56 38 177 122 46 128 69 113 61 84 229 186 58 94 236 198 64 185 215 88 152 43 85 160 142 117 104 2 157 65 247 80 130 5 179 42 220 249 60 216 236 203 52 70 195 127 134 50 183 24 250 71 148 156 91 74 85 145 191 168 94 113 77 168 148 24 188 151 25 19 17 50 9 106 61 81 0 25 161 35 79 145 127 215 91 94 13 170 20 160 174 172 46 216 209 69 190 168 213 131 88 208 101 105 200 156 132 106 150 32 168 233 67 196 133 235 213 173 222 148 5 129 61 68 113 25 18 233 41 11 108 150 88 73 65 169 44 39 107 101 78 243 36 136 8 128 198 68 212 232 101 108 246 39 5 219 3 207 160 148 96 27 15 67 23 180 226 214 12 176 55 253 232 174 108 228 35 19 126 87 118 176 164 111 53 118 241 8 191 5 238 19 4 250 88 110 106 178 200 9 71 203 82 238 170 201 119 125 137 53 107 7 231 40 163 105 37 93 9 71 149 146 115 226 228 218 170 64 204 86 40 66 82 155 154 146 210 106 205 11 216 112 123 187 25 142 183 251 147 61 218 181 216 134 218 59 73 41 229 17 80 120 254 40 30 168 193 103 109 63 184 102 86 105 154 247 131 157 46 249 8 220 20 185 50 80 69 210 14 194 52 59 197 169 83 121 95 43 170 80 23 25 249 4 240 219 186 193 93 66 119 52 137 33 18 247 190 97 116 87 25 145 214 103 28 85 228 192 1 213 32 207 119 13 116 176 95 190 112 30 236 9 187 101 11 90 220 218 187 160 48 173 68 54 240 110 236 73 151 99 108 218 41 36 184 149 150 7 104 12 2 83 100 20 245 240 101 160 44 17 68 101 89 201 162 65 250 7 167 34 164 230 228 205 69 234 36 154 250 24 77 214 21 120 134 142 247 109 26 97 80 218 49 106 10 150 18 202 84 174 41 14 168 173 70 58 168 55 68 21 170 2 164 213 82 16 5 29 88 130 52 125 46 80 113 157 239 49 19 35 74 27 134 48 165 10 226 213 124 116 142 132 9 154 9 229 210 59 248 160 6 84 56 81 81 66 6 77 135 39 14 42 161 98 174 247 216 131 74 122 87 77 255 190 134 48 36 190 171 223 249 204 160 45 79 203 139 247 218 202 83 179 165 180 238 55 195 225 118 209 58 251 91 201 132 249 80 19 161 249 142 77 248 158 14 72 202 206 226 151 85 89 1 105 216 150 27 223 130 36 51 177 152 124 17 231 133 37 159 146 45 160 118 146 119 19 160 145 173 218 202 18 58 60 26 231 102 40 159 218 25 149 157 63 74 3 163 50 217 90 67 133 36 208 11 24 114 123 180 13 147 113 61 178 208 142 47 187 103 122 216 158 134 205 172 55 197 33 99 121 8 251 69 247 76 15 155 237 112 186 93 116 86 248 126 226 29 248 2 30 62 6 253 102 107 207 33 116 171 111 181 78 74 206 232 225 45 231 147 59 104 94 90 180 226 16 101 125 54 210 76 153 41 141 23 13 173 16 240 113 114 5 254 168 73 51 45 33 99 218 98 241 160 176 132 151 210 185 92 93 109 104 19 38 236 6 244 249 137 59 80 251 138 149 75 187 175 11 30 234 90 209 111 170 239 69 74 47 214 136 39 222 76 155 229 81 181 124 151 205 22 229 231 131 61 127 233 174 52 151 30 195 161 235 46 155 144 66 47 37 150 148 1 28 150 126 117 109 175 222 203 86 213 177 41 73 50 157 204 51 67 250 183 142 248 204 22 120 59 93 30 20 171 33 192 151 27 178 120 65 45 66 67 6 77 50 44 55 197 211 43 213 254 124 59 236 102 115 75 179 35 124 55 137 106 130 65 38 146 105 38 206 28 219 156 76 41 29 194 105 55 62 45 4 0 228 136 17 60 191 243 151 89 126 201 2 31 99 172 178 72 92 146 53 101 32 101 24 231 149 30 40 139 89 24 138 168 193 46 50 28 55 80 133 169 161 228 116 4 36 208 84 120 113 65 180 221 230 238 173 142 1 152 179 38 41 191 100 168 248 32 234 67 167 37 86 61 109 135 47 249 82 157 251 150 4 2 236 146 33 61 255 70 219 16 42 10 102 68 7 5 129 29 79 183 48 107 102 123 133 101 218 20 169 118 10 35 192 80 98 114 35 247 145 14 153 68 185 102 247 84 32 18 48 99 144 117 250 253 210 147 14 61 31 125 140 96 127 107 174 190 172 116 126 49 58 189 237 64 161 223 20 232 154 189 98 91 183 132 210 222 126 220 213 107 159 157 185 216 15 35 113 157 239 175 11 47 119 55 167 32 236 162 250 76 39 141 54 242 193 218 22 68 70 109 132 9 249 36 156 188 158 93 1 13 66 204 224 233 87 38 241 233 76 53 11 185 26 207 208 26 207 213 43 39 201 85 98 20 143 179 247 208 70 170 139 3 163 249 172 55 102 241 210 36 57 168 254 1 58 144 9 150 248 110 136 19 34 3 114 75 56 230 67 217 99 56 37 198 182 171 0 45 105 25 84 116 73 172 116 106 76 114 208 157 152 165 75 80 86 114 229 194 104 251 23 13 42 251 69 227 97 89 80 165 156 38 179 152 116 155 178 63 153 138 149 103 75 169 38 100 82 154 240 57 143 246 95 233 87 47 224 65 186 230 187 168 75 18 49 6 247 42 172 173 166 52 6 155 43 156 112 171 235 100 53 52 245 28 203 91 138 220 221 229 67 156 230 71 4 219 253 193 236 113 188 237 247 197 48 15 119 119 245 231 141 21 131 216 242 70 155 70 95 32 209 141 88 55 163 185 103 130 160 213 116 192 13 113 165 10 146 8 232 86 46 113 12 122 201 35 237 49 113 163 161 29 217 76 196 24 139 39 200 23 201 128 176 71 28 53 131 210 186 218 210 14 143 96 8 81 197 124 248 10 100 24 34 64 224 227 130 4 98 114 64 241 123 67 159 0 13 68 213 208 251 127 170 21 203 230 252 161 107 126 225 55 238 134 124 242 15 145 71 34 251 195 193 22 193 139 150 159 239 170 68 50 111 163 184 201 58 174 169 195 190 82 7 204 128 8 191 227 187 6 86 18 90 137 154 73 176 171 204 38 3 51 123 180 205 200 56 253 74 23 96 25 146 118 117 124 164 22 53 98 45 250 106 184 197 72 244 171 202 51 26 162 81 202 123 190 222 110 137 104 136 169 230 185 81 144 14 97 117 23 243 110 188 96 138 93 116 170 126 11 142 117 27 185 20 80 191 243 180 181 152 207 121 139 75 178 55 36 157 213 144 104 141 175 91 74 182 192 172 59 30 71 17 3 45 10 194 93 68 46 98 219 165 210 32 142 41 103 235 161 143 197 199 180 173 62 59 246 69 107 231 126 189 116 47 71 88 70 151 210 186 29 74 11 161 228 30 165 157 93 20 146 101 36 123 37 56 141 25 170 94 119 255 82 53 155 38 64 241 102 6 237 21 38 207 150 45 36 101 51 77 189 48 108 25 163 132 27 126 61 6 113 185 23 37 8 139 194 138 76 192 119 100 245 239 177 84 132 18 227 37 145 226 236 62 68 74 152 170 124 219 239 239 62 211 79 2 118 199 237 176 57 237 182 253 126 161 111 60 101 207 243 25 251 18 219 227 162 125 137 167 72 209 180 50 143 62 173 186 223 108 108 225 182 160 149 233 86 191 169 78 161 160 214 178 220 140 92 54 168 236 221 12 141 157 113 28 170 0 62 155 230 16 8 12 225 59 83 95 87 198 105 74 77 132 145 212 34 51 82 191 249 148 199 165 233 112 144 6 175 227 88 21 77 84 82 147 74 242 202 120 9 201 149 242 191 216 31 182 59 123 167 197 110 44 255 87 45 209 236 83 33 190 170 23 81 152 19 0 122 4 50 148 184 25 60 211 250 129 72 22 45 1 200 29 1 105 109 187 70 205 16 213 68 12 219 86 129 65 166 181 103 143 108 111 219 60 232 43 170 159 154 0 241 64 77 153 6 194 152 200 191 119 241 192 151 68 77 13 45 84 64 17 55 227 186 80 37 231 51 80 114 36 170 74 172 82 22 89 36 62 66 105 132 24 232 138 17 124 1 215 210 97 221 238 124 26 118 251 185 32 111 92 75 58 170 42 162 15 88 227 5 97 58 123 251 130 61 200 112 238 86 95 142 214 180 14 73 68 70 160 202 189 216 238 129 156 198 16 167 192 239 230 48 215 130 209 243 137 148 167 194 189 173 75 68 84 220 225 40 27 54 42 245 241 4 21 86 68 92 217 78 206 8 57 105 6 98 76 73 50 144 5 155 57 105 140 56 72 190 136 182 52 172 253 53 243 148 47 76 0 116 70 205 119 228 118 86 208 141 86 137 35 244 136 139 116 75 174 13 92 140 77 99 154 150 152 49 200 151 198 202 9 180 243 150 110 170 81 66 97 124 75 41 15 202 72 90 33 237 86 201 36 203 3 175 169 174 253 250 145 7 208 118 183 219 225 60 27 120 113 12 84 55 10 72 54 232 192 103 235 5 228 43 117 80 194 65 43 228 180 196 186 217 216 178 210 142 12 223 215 216 156 98 213 240 25 1 174 115 104 255 226 156 16 64 153 197 119 76 199 247 236 98 149 216 91 207 235 241 60 138 226 36 21 159 100 23 132 128 149 128 64 255 105 31 13 111 13 76 154 32 159 86 176 80 101 18 27 246 124 151 112 224 37 207 102 4 62 149 184 212 64 77 219 186 240 229 83 178 205 0 244 134 194 7 8 122 72 134 217 45 43 203 112 141 164 140 110 88 92 249 45 25 64 75 182 41 54 77 192 26 207 250 108 92 146 8 169 193 7 49 0 144 239 105 74 229 88 150 203 159 20 134 143 252 200 113 119 28 223 136 182 104 103 69 104 42 186 46 174 84 41 63 231 75 65 76 182 205 110 187 57 219 27 233 22 75 153 76 91 214 105 111 113 29 156 178 10 109 85 84 61 151 146 131 25 160 76 194 80 242 108 110 52 246 150 157 84 137 166 2 164 250 225 196 231 234 71 225 170 24 129 125 34 245 60 31 120 240 119 47 91 251 53 158 1 123 168 232 206 245 64 145 138 199 19 249 79 90 110 233 156 204 154 142 230 101 131 227 74 97 119 176 87 22 46 40 8 73 138 207 185 0 54 222 69 138 221 121 56 45 139 135 127 83 28 196 238 72 137 96 107 46 173 89 119 35 166 247 103 16 229 68 189 60 38 77 146 195 41 27 139 73 121 198 197 73 67 9 63 81 28 38 74 74 89 98 19 233 240 98 73 231 36 169 28 90 193 194 67 235 64 49 9 58 174 201 69 203 112 179 113 122 98 47 141 16 86 37 153 11 112 154 214 25 2 86 97 154 180 83 11 14 17 73 231 49 227 231 116 85 150 183 87 82 128 85 8 209 206 41 0 29 92 0 75 20 128 147 4 136 163 110 36 200 111 217 131 194 116 251 54 181 238 106 181 37 121 162 62 45 51 74 25 18 243 226 13 9 85 207 187 218 199 196 110 149 145 92 158 56 22 175 203 205 194 53 88 182 135 165 139 39 32 196 249 41 137 24 159 235 124 31 193 56 237 199 31 216 170 212 227 15 2 108 220 139 171 131 228 101 242 187 198 205 42 134 113 120 222 178 18 21 108 42 106 10 34 119 175 250 36 134 189 171 236 90 227 224 178 35 50 244 96 201 247 9 181 83 247 180 94 212 152 220 206 188 124 192 169 95 108 52 86 152 224 127 153 176 192 185 190 43 77 248 2 111 244 165 200 45 127 228 60 191 14 53 105 20 153 193 35 185 122 237 141 176 182 96 133 21 105 83 39 43 125 188 253 84 190 95 205 20 59 92 145 145 166 128 246 218 154 131 37 42 0 5 146 7 92 50 186 146 3 115 132 140 254 193 157 68 237 37 207 193 118 155 181 45 154 22 117 107 72 166 56 64 68 128 168 216 95 190 131 103 179 179 136 155 102 173 178 87 224 219 23 201 148 241 102 61 203 118 54 235 211 22 219 133 68 122 161 155 111 77 144 53 74 164 151 33 68 212 36 39 27 127 179 201 11 228 186 237 222 182 162 75 147 84 160 159 107 146 154 141 34 133 0 105 28 200 49 193 232 115 69 27 46 144 177 41 91 37 237 85 128 153 44 111 228 66 128 34 50 138 39 253 66 71 65 35 158 114 8 117 22 242 102 121 126 14 35 19 180 91 189 171 141 177 70 32 4 121 28 119 67 20 177 147 72 117 106 196 25 67 69 115 194 117 193 126 231 19 159 180 120 1 255 80 45 220 158 173 235 155 109 95 27 255 192 45 164 56 110 14 136 56 57 223 53 176 244 128 246 2 233 236 31 88 0 34 88 166 88 192 199 166 54 71 182 78 164 96 199 76 228 227 83 236 47 12 228 164 223 120 111 53 115 212 140 121 249 76 242 136 160 124 81 98 89 130 25 23 8 147 141 210 141 51 211 40 17 64 105 144 210 8 191 80 227 201 102 91 101 66 144 167 253 142 241 166 242 86 27 162 38 33 41 4 82 141 24 138 49 73 172 89 233 145 45 141 106 150 151 87 242 173 195 33 244 44 200 29 52 17 143 231 1 213 208 99 93 213 110 132 157 19 13 151 208 147 38 2 22 119 211 172 215 53 53 192 219 144 158 21 108 121 240 205 108 38 150 93 140 230 169 163 8 62 219 76 92 178 118 76 47 85 71 67 60 40 191 228 174 102 94 41 111 170 21 159 164 219 1 57 149 80 153 73 168 204 254 166 177 16 169 17 19 219 254 19 68 83 78 131 143 192 199 134 76 65 48 185 182 156 179 10 18 113 169 237 98 230 76 125 182 169 47 12 16 41 102 34 22 16 114 157 9 220 151 167 169 8 213 53 210 139 237 106 217 47 118 78 155 219 141 189 252 117 244 135 199 251 164 180 151 240 249 142 45 195 43 143 39 219 8 152 121 61 224 101 69 120 138 16 77 104 60 122 138 189 61 236 236 220 105 70 136 216 219 169 219 236 119 245 49 31 154 145 178 200 177 211 43 123 184 88 110 133 105 229 44 248 0 55 240 196 233 41 142 218 0 115 22 167 137 183 40 100 136 68 72 5 105 111 6 53 80 36 24 65 88 240 29 74 67 164 38 231 249 134 205 89 102 16 72 162 45 159 69 138 7 98 175 115 162 26 161 52 222 94 73 146 44 207 131 139 23 228 91 123 103 242 233 124 216 245 87 141 125 233 113 150 6 63 229 221 126 182 139 209 152 0 184 132 31 185 50 105 238 112 253 218 59 6 91 84 80 234 237 205 126 53 227 98 64 145 111 10 162 134 202 161 156 65 73 41 206 224 237 85 106 56 39 254 161 70 93 9 202 213 136 30 181 225 31 154 67 44 214 185 38 245 11 24 55 210 137 253 241 146 211 92 36 55 198 21 72 114 68 19 237 198 158 63 203 161 220 238 48 230 163 49 27 108 39 99 239 166 109 191 150 93 109 197 3 15 88 165 71 13 90 121 36 24 126 195 236 228 46 163 192 38 195 108 90 170 202 96 72 53 57 58 222 20 75 210 140 127 198 158 1 12 171 184 198 72 50 145 20 166 178 105 0 94 50 235 29 85 108 232 135 123 76 84 51 91 104 161 109 175 151 243 28 151 2 160 210 33 83 137 57 248 198 3 69 200 89 147 114 236 112 161 187 192 8 101 5 148 98 32 232 34 4 231 174 124 7 237 160 146 22 22 232 43 57 197 212 239 120 43 238 38 85 127 216 102 76 77 71 41 93 208 216 228 166 203 195 173 41 156 245 60 226 129 158 114 187 183 120 89 82 56 61 74 236 25 96 28 71 73 16 37 70 196 78 227 170 6 139 40 142 164 30 118 206 104 149 41 16 133 22 64 95 78 232 87 175 163 216 57 47 159 144 78 92 177 31 51 17 102 74 89 210 78 157 164 107 153 92 147 6 94 208 150 201 145 74 138 139 91 19 77 204 133 71 163 161 43 16 254 14 83 209 70 83 40 136 23 46 173 196 225 180 221 73 11 236 170 47 19 63 142 117 164 110 12 83 228 109 31 203 215 99 240 69 176 178 101 83 200 107 50 183 36 90 35 60 139 187 9 132 33 136 166 62 138 224 184 232 191 240 67 32 86 63 7 98 248 134 228 20 147 184 83 55 115 209 0 90 96 203 247 76 98 121 192 46 110 126 162 62 218 223 248 58 215 128 93 15 235 241 47 143 125 248 230 242 239 150 93 86 202 213 215 166 203 51 223 51 90 250 238 217 247 7 219 134 225 225 188 179 213 232 54 201 51 247 215 211 120 157 89 212 164 198 126 179 27 219 101 21 217 84 102 55 92 156 197 129 62 46 104 246 43 19 185 46 111 98 0 150 175 142 127 177 47 92 102 190 31 41 216 35 108 12 196 17 248 204 118 46 19 68 41 212 96 46 76 145 74 209 118 125 232 235 162 64 137 208 66 29 82 176 231 83 98 136 38 14 170 252 92 117 183 62 150 228 138 28 211 140 119 145 86 11 91 133 39 64 186 187 183 207 1 105 205 132 160 196 133 40 192 20 48 88 120 93 164 217 194 244 137 63 189 45 115 92 190 56 187 113 252 202 162 174 220 71 28 244 80 209 154 233 220 199 176 253 204 191 143 61 28 54 195 250 112 244 40 249 165 87 234 155 179 253 124 109 174 214 79 18 134 89 236 153 249 162 60 15 55 155 47 148 191 108 227 98 225 74 253 139 90 94 240 44 76 136 35 181 121 196 4 191 57 142 228 87 242 240 218 255 71 245 148 95 42 53 40 148 116 43 232 40 168 240 163 63 177 182 70 26 197 159 214 10 34 131 224 26 18 116 171 124 22 155 4 52 244 52 123 72 245 214 149 122 195 146 143 57 146 156 125 8 160 9 70 26 34 117 197 160 21 152 105 105 211 86 243 65 162 145 147 11 76 142 138 109 91 208 222 32 48 68 91 141 141 233 98 178 24 42 179 112 47 118 249 160 39 85 148 243 52 155 73 105 193 163 65 63 98 67 12 116 29 137 203 93 94 175 45 65 218 49 177 150 24 239 128 160 178 12 146 102 185 94 178 59 216 216 91 125 150 173 158 17 89 54 17 152 84 11 201 156 114 234 225 60 62 12 32 95 202 149 101 188 21 7 219 144 199 109 230 55 158 125 57 104 128 250 100 114 50 168 41 112 100 32 201 52 221 121 46 21 211 169 188 175 21 92 99 69 70 140 144 78 11 20 221 209 1 8 67 4 75 126 155 158 51 186 171 140 168 104 165 234 248 45 143 208 153 85 9 170 65 158 239 18 118 2 54 141 72 180 60 204 212 12 201 206 29 185 163 221 121 1 103 219 219 91 146 14 235 173 253 232 117 177 179 9 68 212 69 84 220 131 235 10 122 34 137 221 51 81 144 182 178 170 128 208 24 253 3 178 158 23 47 58 14 183 147 70 42 57 180 87 196 17 161 237 213 72 147 39 60 198 21 207 114 164 39 171 244 235 77 118 20 77 123 213 220 146 85 122 114 56 33 9 6 10 90 46 80 44 166 54 112 53 187 149 86 75 166 220 141 189 136 96 102 131 92 208 203 24 201 125 125 142 2 74 84 224 135 137 201 55 200 195 117 190 107 34 219 71 210 132 17 204 144 20 154 34 1 177 157 204 107 38 235 92 194 166 24 77 1 18 53 77 134 33 162 235 65 132 233 212 33 21 241 2 225 251 154 51 160 224 137 34 182 76 90 184 120 6 63 14 59 97 194 92 190 3 7 223 211 22 146 107 250 101 101 46 61 164 217 231 125 127 158 115 187 155 168 138 120 2 75 89 189 241 85 134 242 89 118 20 10 126 178 61 111 208 179 22 170 177 109 0 160 138 189 60 58 159 190 36 183 103 71 174 252 177 235 203 198 218 14 36 166 230 71 116 98 194 12 82 150 45 205 59 227 98 249 44 151 206 86 44 147 228 254 232 15 53 77 241 11 169 189 83 251 137 47 225 151 32 15 9 4 84 109 241 1 134 126 19 62 226 214 8 136 92 18 84 214 180 70 194 91 197 198 21 98 169 60 84 108 16 233 43 218 97 29 250 86 134 129 149 250 48 212 154 170 41 73 32 138 222 85 137 212 235 32 188 220 109 42 79 222 231 246 61 4 172 11 236 215 161 146 28 83 162 245 165 108 169 141 117 57 82 166 215 92 116 152 42 43 59 144 174 80 197 141 106 54 68 235 196 125 121 192 228 114 246 224 163 248 7 91 198 156 79 91 251 27 10 215 226 229 226 180 182 180 116 207 94 136 234 73 252 49 160 246 229 91 249 71 212 212 237 206 254 170 246 47 190 38 95 223 94 249 83 192 77 238 184 187 154 79 235 185 162 60 115 18 68 113 208 135 157 125 135 246 111 225 229 116 207 115 179 252 150 158 230 79 32 109 237 25 198 219 205 222 250 211 130 237 47 100 225 237 102 252 179 199 167 67 149 226 241 109 23 171 14 211 236 68 210 85 0 19 217 216 209 34 190 188 237 46 44 60 29 1 9 66 94 25 151 11 162 237 177 95 207 6 138 107 224 112 23 235 155 191 191 153 143 37 217 184 209 161 5 108 133 69 185 88 69 80 93 52 197 64 119 38 201 246 51 239 60 42 207 157 247 246 247 174 237 71 63 143 199 129 121 224 23 181 198 226 70 120 9 14 87 43 88 108 167 149 76 242 247 119 243 197 177 186 22 146 175 213 174 216 95 154 44 47 47 4 196 56 44 31 227 215 239 181 142 195 104 62 213 145 60 52 73 209 172 127 76 45 24 179 241 222 16 39 68 70 44 57 171 232 197 124 40 187 99 231 166 146 62 67 117 8 119 146 150 65 69 151 196 234 255 198 187 249 110 237 240 109 113 88 165 39 8 50 144 255 143 223 206 87 206 216 100 123 92 9 95 55 247 112 108 184 65 242 212 13 91 21 79 246 96 166 149 174 233 253 27 226 10 213 233 62 181 184 60 163 32 119 46 120 44 91 68 140 32 128 168 60 129 112 65 89 52 177 182 92 245 197 169 170 122 107 215 22 162 218 137 29 19 178 15 134 140 15 153 121 224 22 65 224 171 8 20 137 55 44 177 96 227 162 166 197 199 197 187 241 236 252 172 127 242 251 101 31 92 50 168 138 29 15 182 196 30 15 187 31 120 84 165 219 212 103 60 223 213 212 43 3 203 23 80 213 52 180 135 116 236 160 8 12 164 187 163 22 75 72 60 143 153 26 40 18 242 98 61 107 166 245 84 53 113 80 27 173 227 140 155 220 8 131 212 22 248 72 173 43 43 235 180 94 83 199 47 95 18 125 169 220 104 136 70 205 81 86 75 68 66 74 53 65 58 17 243 202 47 4 93 3 56 106 243 64 82 206 172 136 107 88 11 213 9 163 126 245 22 167 132 172 168 233 212 175 110 107 148 102 214 69 16 57 96 214 36 210 2 55 90 20 132 187 136 92 68 183 51 144 95 16 42 106 252 184 16 182 39 223 8 143 217 177 105 105 244 191 96 95 226 110 10 101 110 100 115 116 114 101 97 109 10 101 110 100 111 98 106 10 49 54 32 48 32 111 98 106 10 55 48 49 54 10 101 110 100 111 98 106 10 49 52 32 48 32 111 98 106 10 60 60 32 47 84 121 112 101 32 47 80 97 103 101 32 47 80 97 114 101 110 116 32 51 32 48 32 82 32 47 82 101 115 111 117 114 99 101 115 32 49 55 32 48 32 82 32 47 67 111 110 116 101 110 116 115 32 49 53 32 48 32 82 32 47 77 101 100 105 97 66 111 120 10 91 48 32 48 32 54 49 50 32 55 57 50 93 32 62 62 10 101 110 100 111 98 106 10 49 55 32 48 32 111 98 106 10 60 60 32 47 80 114 111 99 83 101 116 32 91 32 47 80 68 70 32 47 84 101 120 116 32 93 32 47 67 111 108 111 114 83 112 97 99 101 32 60 60 32 47 67 115 49 32 55 32 48 32 82 32 62 62 32 47 70 111 110 116 32 60 60 32 47 84 84 50 32 57 32 48 32 82 10 47 84 84 52 32 49 49 32 48 32 82 32 62 62 32 62 62 10 101 110 100 111 98 106 10 49 57 32 48 32 111 98 106 10 60 60 32 47 76 101 110 103 116 104 32 50 48 32 48 32 82 32 47 70 105 108 116 101 114 32 47 70 108 97 116 101 68 101 99 111 100 101 32 62 62 10 115 116 114 101 97 109 10 120 1 181 157 93 143 28 57 21 134 239 235 87 20 18 23 29 41 83 244 119 79 139 171 37 128 20 68 34 86 201 194 5 226 2 150 9 176 218 221 97 9 240 251 177 203 126 30 187 202 221 51 53 203 140 114 209 83 229 227 243 241 158 15 31 187 170 59 63 244 95 246 63 244 155 219 97 179 239 55 251 97 115 60 159 111 251 195 233 216 159 142 231 97 183 235 255 117 215 255 161 255 190 255 217 155 207 155 254 235 207 253 122 252 247 249 235 48 103 61 108 247 233 58 254 177 59 70 14 187 219 225 176 95 175 183 221 215 223 245 191 248 216 31 18 121 254 248 248 93 255 179 143 31 183 253 166 255 248 169 95 253 228 85 255 241 155 254 87 31 131 252 168 193 110 189 27 214 219 126 119 24 246 219 192 160 63 14 219 221 249 124 142 58 29 247 221 98 45 50 151 172 70 127 65 141 110 170 198 79 139 26 141 73 235 243 176 137 58 45 231 54 51 234 41 176 118 235 254 42 172 167 253 110 56 30 47 89 211 39 107 130 239 34 168 127 236 87 119 223 190 234 214 195 38 252 241 221 171 254 38 248 40 252 245 253 171 232 172 126 245 111 238 252 39 223 144 100 200 55 250 64 177 217 245 171 119 249 250 254 95 145 91 152 250 23 166 254 35 142 4 246 80 114 141 140 249 253 127 50 241 115 214 171 145 205 140 207 153 51 28 213 22 130 63 195 234 187 87 93 182 172 161 81 220 221 95 161 190 99 254 39 25 124 157 205 75 162 186 213 183 51 209 115 85 184 134 19 244 50 12 56 69 136 187 213 221 157 42 205 49 253 101 22 122 15 84 119 168 113 133 109 183 130 0 204 230 122 192 137 113 174 153 247 58 139 236 3 96 209 173 255 29 49 9 222 3 99 111 220 37 3 250 21 159 154 134 114 240 14 90 167 0 43 204 83 204 24 34 13 58 76 213 37 136 255 55 142 12 66 254 212 127 252 77 41 7 79 201 156 80 132 98 230 196 64 109 10 210 105 123 30 182 203 50 167 96 65 10 85 22 238 143 195 41 100 210 223 0 240 14 87 232 110 1 99 36 216 20 103 133 152 144 166 97 232 36 60 168 0 110 220 13 197 135 73 137 223 27 216 72 146 63 184 234 10 184 224 18 174 205 160 172 100 85 27 224 129 211 136 37 238 235 68 120 125 159 75 132 90 200 211 242 162 153 232 33 124 48 201 20 221 74 246 206 145 157 2 66 141 75 69 136 207 192 101 97 248 44 95 73 142 161 234 175 15 219 254 122 4 229 149 164 212 94 252 81 92 54 70 64 191 250 42 235 171 5 218 148 236 47 21 72 10 242 16 216 113 131 200 205 88 244 185 136 117 165 202 47 103 225 10 129 180 236 185 110 213 152 242 134 232 195 115 72 209 95 6 31 204 178 77 221 106 62 37 152 176 208 109 179 54 36 172 149 241 223 245 245 50 116 13 183 203 178 158 101 105 166 236 184 192 141 43 159 118 25 205 37 159 131 1 35 141 112 73 60 55 21 246 23 66 100 33 4 139 35 119 179 91 15 183 219 211 161 63 93 69 97 26 185 113 45 175 91 177 177 246 174 215 155 69 253 224 232 138 107 142 136 76 78 235 245 176 95 224 139 160 69 247 163 181 120 48 28 162 22 199 219 227 176 62 62 208 150 150 44 126 151 157 154 215 244 43 189 79 232 83 59 151 81 106 101 0 242 38 12 244 165 138 17 7 248 95 138 31 166 121 84 120 17 33 82 154 241 214 6 135 236 118 16 147 10 98 215 46 244 104 104 128 146 182 242 154 178 40 229 196 25 198 63 165 72 128 84 195 46 162 42 27 9 144 247 179 238 143 202 205 167 82 212 231 90 183 22 53 75 13 8 152 130 24 215 141 240 183 96 13 10 34 25 22 244 216 74 198 118 185 1 164 81 13 187 145 3 55 174 255 92 117 51 201 106 52 187 135 23 159 76 153 179 84 177 255 228 69 213 229 144 25 8 21 39 221 34 132 72 229 83 189 26 96 44 230 24 223 240 8 98 38 245 169 123 82 113 120 60 45 79 155 176 223 91 148 150 218 89 202 47 33 139 161 67 6 45 40 125 220 70 167 126 200 235 110 217 12 56 164 165 115 151 228 196 44 171 85 145 151 38 135 221 16 112 225 20 20 152 43 148 165 117 43 165 201 66 79 155 69 237 157 202 95 201 158 183 68 24 81 224 156 170 51 69 57 77 69 75 99 41 43 209 173 102 69 168 47 122 138 118 163 195 187 43 229 177 84 48 109 148 9 26 52 204 190 204 204 0 46 17 118 43 0 109 20 140 155 185 132 5 16 192 155 41 248 83 35 63 217 46 206 73 95 103 233 242 44 91 0 184 219 25 153 68 66 62 231 166 217 82 224 137 138 50 39 83 151 14 61 158 37 153 14 251 253 176 59 108 207 253 113 121 50 169 34 170 181 64 191 46 201 52 169 0 233 172 104 105 123 144 43 64 215 156 173 196 227 162 113 97 62 156 226 185 207 133 131 154 230 104 35 199 111 9 52 55 75 120 11 107 136 5 62 185 111 64 6 95 109 14 195 166 176 130 67 21 18 145 160 183 103 37 172 68 110 234 220 178 87 119 185 206 50 122 131 25 45 100 33 133 229 33 43 120 101 207 152 52 146 152 164 17 6 110 212 123 198 52 231 119 104 123 143 18 24 172 14 96 117 111 153 80 80 178 61 40 5 141 147 64 5 174 246 254 46 167 247 210 86 37 170 222 247 207 140 66 47 65 170 140 25 125 214 175 222 231 170 158 204 45 123 39 148 81 111 69 55 209 45 137 17 49 140 181 160 139 189 112 210 232 11 154 6 75 192 157 179 80 82 226 70 116 168 234 233 224 236 242 129 208 19 51 170 91 122 0 59 102 212 126 59 28 175 101 84 23 78 96 75 171 251 255 29 37 36 3 69 48 128 113 179 61 140 235 46 248 16 22 196 13 215 21 169 177 69 43 164 227 137 102 38 191 46 213 26 57 204 185 87 9 15 54 74 24 199 8 100 130 30 100 230 5 166 117 227 153 76 68 109 188 204 53 154 205 175 47 11 76 188 46 8 196 80 216 139 0 73 11 127 148 254 71 140 173 216 179 162 64 37 240 14 110 23 4 149 62 221 28 15 217 149 244 170 88 124 149 243 75 61 170 49 187 149 162 75 57 15 30 189 223 45 238 142 46 104 56 243 79 169 170 88 165 163 49 221 25 196 92 80 118 121 118 45 222 84 143 143 55 198 236 218 222 14 219 139 217 53 221 84 135 163 120 225 22 52 17 245 15 92 235 141 76 219 173 42 116 198 51 6 0 7 9 130 3 32 184 207 117 192 97 156 247 3 61 35 4 136 132 112 46 72 68 191 205 113 192 132 134 211 164 51 30 133 77 106 124 126 252 48 231 255 205 200 182 244 215 232 81 32 72 181 184 28 193 124 200 138 76 218 248 81 94 134 184 196 92 81 9 173 131 217 203 227 33 156 51 117 203 30 119 109 119 195 254 116 10 77 215 213 120 8 253 203 180 218 26 187 184 198 213 18 164 133 158 96 54 79 73 121 65 130 135 177 69 124 96 119 5 226 114 251 23 231 195 126 125 26 78 155 144 8 215 237 159 230 195 203 30 50 29 55 187 112 230 245 120 23 249 178 135 76 135 243 121 233 110 246 171 28 210 181 63 111 14 193 136 80 213 73 212 248 212 38 221 170 194 32 85 91 3 165 142 169 76 236 88 195 187 43 37 169 164 210 248 120 44 137 33 19 81 128 235 121 104 253 147 146 66 172 53 146 74 211 91 214 97 245 34 218 243 242 53 57 100 206 54 124 177 172 249 202 212 50 28 31 77 93 122 208 137 37 33 107 242 156 102 83 168 13 165 94 1 255 39 187 89 225 182 41 116 26 160 73 82 100 241 132 196 39 127 69 4 234 0 177 36 110 69 103 176 149 118 23 240 91 219 24 49 108 90 121 105 82 117 48 225 38 130 201 26 230 31 140 180 2 219 205 113 37 113 121 245 25 79 249 159 212 235 30 110 15 215 119 143 211 234 75 73 189 107 54 3 245 14 227 102 115 220 12 225 73 233 251 156 159 201 171 5 244 111 243 125 189 50 113 119 158 236 61 169 8 14 118 5 151 160 204 147 175 22 244 10 210 164 101 229 61 212 130 111 107 163 94 140 97 153 69 149 197 178 218 236 51 8 43 109 32 68 177 101 46 179 132 69 120 216 156 80 172 5 164 110 164 146 110 132 35 201 27 166 27 112 169 195 67 211 181 80 234 187 11 144 205 181 54 238 231 102 201 165 90 72 177 43 69 71 105 97 96 202 167 115 43 125 225 175 154 213 88 60 162 74 45 61 88 20 48 245 22 67 4 114 53 223 78 51 9 41 237 16 66 43 118 79 74 199 133 205 16 135 57 135 211 122 233 214 83 136 192 12 243 154 208 149 210 180 138 11 227 49 60 142 103 138 3 226 96 4 89 2 161 45 33 153 252 58 238 248 71 110 239 98 106 135 197 67 121 190 159 97 177 119 168 194 115 156 155 7 74 157 64 92 99 77 145 31 253 23 173 80 251 217 83 130 114 56 53 151 6 100 42 104 76 205 253 61 183 209 13 63 250 153 115 154 166 58 115 94 65 223 63 117 205 59 26 79 60 8 108 223 27 187 93 135 231 236 199 240 202 89 12 157 69 79 2 40 68 174 149 224 51 199 163 62 70 195 26 35 3 248 217 71 129 8 204 152 144 174 75 152 180 14 20 125 75 119 123 39 57 34 110 105 82 232 254 86 218 242 158 86 4 184 125 9 230 58 192 79 77 206 67 120 167 238 90 143 60 93 43 193 194 124 154 131 98 144 4 157 195 113 211 161 122 226 25 162 56 149 50 45 148 6 46 176 23 38 41 230 81 88 123 240 117 206 79 137 23 199 65 232 169 61 113 196 173 184 93 110 138 110 74 134 40 160 55 239 12 160 0 247 169 204 174 41 50 191 222 109 86 231 47 9 200 183 180 190 112 19 165 106 115 221 104 159 136 3 92 232 164 232 210 128 163 230 125 9 198 236 60 143 135 5 33 244 230 249 140 169 81 67 206 148 33 248 186 157 53 199 178 164 49 121 146 117 31 114 255 84 246 31 178 67 243 137 135 194 41 23 81 147 238 151 103 67 78 84 233 70 213 184 183 89 158 82 139 55 191 30 6 29 246 155 225 112 123 105 219 57 221 252 134 195 32 163 74 109 155 176 18 63 16 72 150 167 210 19 207 214 194 230 80 54 128 46 59 83 178 242 238 120 236 25 102 85 168 231 55 39 3 48 12 130 26 28 193 155 235 11 252 222 143 94 92 216 255 100 205 155 149 16 254 23 172 68 133 73 109 68 95 45 54 49 26 99 202 210 41 166 127 47 213 3 70 38 101 17 227 74 47 111 30 196 11 111 37 12 11 28 211 165 102 192 204 95 117 61 187 128 235 47 179 146 4 0 2 192 163 146 77 126 138 134 69 135 73 154 224 31 140 52 236 10 94 90 0 13 170 104 99 165 246 139 166 214 246 52 108 150 165 214 197 234 149 206 73 90 127 6 8 199 46 47 219 83 237 161 176 148 218 58 71 235 101 13 223 132 55 223 215 187 253 161 63 44 52 252 101 15 212 14 155 237 112 186 8 255 244 177 236 203 30 168 237 207 183 195 238 118 81 83 248 107 220 71 224 178 156 196 53 32 156 209 134 133 132 99 152 122 141 92 30 194 139 95 65 60 135 47 50 172 111 195 235 250 73 251 75 171 195 4 195 46 172 14 166 168 53 137 197 117 110 150 214 96 103 189 146 118 201 80 107 2 147 173 13 220 40 160 200 198 4 207 37 32 148 42 50 65 153 86 7 123 59 21 87 102 149 38 73 155 119 249 9 147 20 40 1 251 121 162 41 78 149 156 74 213 67 107 7 26 169 238 116 124 72 166 170 200 251 11 199 152 40 52 199 92 249 106 4 133 114 137 50 206 231 191 207 229 5 25 18 202 194 59 152 15 11 180 8 91 132 4 92 213 239 169 187 108 16 196 44 52 227 51 139 153 28 174 38 182 111 104 48 103 164 165 211 2 221 32 172 202 143 240 14 199 179 188 175 98 247 180 191 221 13 231 101 217 45 104 70 160 136 84 37 190 234 109 194 73 252 185 74 43 231 3 54 254 145 13 55 130 205 55 113 114 233 51 239 231 115 238 193 167 105 105 152 92 29 34 252 149 32 43 99 224 142 72 117 48 171 84 183 76 202 68 221 74 162 70 122 133 68 126 244 86 166 139 91 149 212 221 104 104 239 183 76 220 79 19 83 54 79 104 122 65 175 20 135 65 45 64 209 26 226 219 73 175 171 22 44 249 231 33 173 144 73 160 227 133 59 39 41 73 217 197 222 212 238 149 190 198 84 22 36 213 186 115 250 208 40 104 174 208 6 54 70 53 24 169 21 40 50 37 40 151 179 233 57 223 254 42 217 20 190 175 119 88 150 77 184 170 108 13 5 131 216 116 255 23 33 221 159 226 59 205 12 225 152 102 81 129 64 102 204 45 110 192 153 140 180 92 197 211 64 173 183 171 163 42 93 189 159 169 34 61 169 57 235 184 251 149 122 34 28 3 230 139 9 247 141 149 86 75 77 35 26 153 67 111 193 181 132 133 7 226 137 11 174 97 53 24 125 93 70 188 138 190 212 180 18 74 114 23 45 228 206 162 175 156 4 23 61 36 177 146 180 119 138 46 120 255 119 175 186 106 45 224 43 163 215 15 167 150 125 107 116 191 219 15 167 227 33 124 77 102 113 240 54 29 146 25 173 25 6 111 91 34 11 12 192 15 114 66 201 78 177 96 128 63 190 96 229 84 228 197 87 194 150 227 244 244 19 135 253 33 188 149 120 177 47 111 78 28 26 227 141 26 3 188 152 152 226 235 109 50 176 11 173 114 186 17 224 26 119 75 84 12 98 85 39 152 165 192 8 101 150 94 206 8 98 203 57 225 85 118 221 140 168 160 158 100 36 39 117 88 102 40 50 6 239 220 134 119 89 140 204 108 247 245 90 30 42 75 60 98 4 198 201 106 226 31 115 67 147 252 241 144 102 52 239 67 148 31 95 206 178 16 193 29 240 92 103 219 195 247 100 93 251 24 1 84 97 165 54 84 132 185 86 153 160 84 222 38 26 30 240 71 5 169 177 28 214 172 103 234 255 246 225 153 237 249 184 223 246 41 150 31 223 221 61 101 167 251 35 50 106 191 190 178 211 157 102 212 83 180 152 237 21 251 245 163 223 146 218 111 143 97 167 251 232 94 177 255 99 183 242 184 227 210 187 188 55 187 248 61 85 150 24 195 36 196 77 26 33 125 82 188 116 101 113 100 10 4 102 128 83 141 86 147 223 33 86 63 152 80 62 136 120 9 171 45 13 33 173 142 151 178 50 41 109 199 103 210 59 201 63 72 0 111 4 218 244 102 99 21 205 137 29 21 66 110 150 126 152 168 47 104 132 26 146 152 201 30 83 49 195 41 215 50 178 76 72 7 235 175 115 157 114 34 194 69 30 244 152 137 50 16 210 191 200 161 245 80 35 4 117 225 201 53 246 193 91 200 185 161 225 74 107 42 10 164 232 213 8 199 0 132 99 160 188 25 64 171 248 180 108 12 104 2 202 210 89 241 182 68 149 95 178 184 210 150 252 136 226 176 217 132 45 234 165 180 156 22 135 112 132 211 174 29 88 193 167 142 173 34 50 188 183 182 235 86 15 30 94 69 146 106 67 9 104 193 15 105 164 66 47 197 40 17 216 248 16 69 156 250 168 11 165 196 117 248 216 166 26 151 65 160 145 213 212 20 240 142 96 1 188 112 46 215 18 202 34 220 201 94 126 206 173 211 246 20 98 107 191 190 237 247 163 151 31 95 136 130 151 49 19 93 27 4 121 60 60 57 120 73 142 162 238 104 31 216 225 48 152 206 252 84 22 113 61 10 5 28 12 190 89 104 61 225 69 38 193 150 23 166 148 245 4 177 153 182 43 65 127 157 182 202 212 4 3 58 3 101 250 172 14 226 85 128 64 177 80 107 191 109 103 208 228 37 243 127 119 62 13 187 253 162 252 127 184 248 110 110 195 239 216 84 7 82 184 58 197 126 121 207 157 251 54 143 160 69 146 152 237 193 242 155 204 21 183 132 150 51 31 129 85 160 67 228 107 165 136 96 150 112 151 227 0 121 151 208 67 254 5 206 12 193 216 229 116 186 147 74 207 49 179 202 95 230 213 15 243 152 139 82 109 94 169 83 252 25 147 252 165 93 119 3 176 17 29 35 197 100 115 168 98 148 2 44 236 42 48 65 216 209 71 112 220 60 200 7 153 146 196 213 42 155 215 6 3 12 157 62 84 235 127 158 245 134 253 37 175 80 168 60 176 240 89 217 32 141 38 43 34 235 92 253 36 68 53 79 42 25 144 110 141 170 220 8 6 46 79 182 166 7 126 244 203 192 187 219 237 112 222 47 42 195 224 240 232 217 108 217 127 6 211 119 227 57 150 246 234 108 135 40 73 24 44 70 54 147 78 118 78 77 147 54 184 109 236 18 94 153 118 204 132 164 140 78 171 43 90 26 194 29 6 39 1 103 126 241 208 161 85 10 129 30 109 170 37 107 141 115 74 66 119 143 170 4 46 176 71 197 230 76 182 58 15 22 40 170 1 76 204 27 83 75 157 234 35 217 212 211 200 229 125 222 94 75 43 27 73 208 206 141 127 30 169 150 24 72 132 165 126 7 56 193 240 33 11 154 236 227 211 80 147 158 224 128 105 176 231 90 101 11 216 44 91 207 217 208 120 22 188 139 63 94 179 44 147 8 42 226 2 213 85 57 128 119 19 222 61 57 150 67 33 3 146 161 113 93 91 94 25 22 183 225 231 248 155 29 251 195 49 252 184 92 180 103 209 50 12 228 216 49 119 141 73 143 225 16 250 134 88 177 202 208 18 12 227 197 63 144 71 69 74 30 78 107 93 132 173 90 243 109 99 156 236 157 34 19 117 120 77 189 20 176 120 96 51 122 162 218 12 104 13 106 88 79 184 129 94 243 13 30 114 108 228 11 247 134 169 230 103 64 38 95 78 155 171 84 248 0 61 72 19 98 168 148 238 79 78 225 50 51 148 215 154 233 148 106 179 85 164 249 29 4 44 19 229 10 184 166 52 35 9 1 240 171 214 204 185 250 42 53 159 59 84 43 122 114 253 251 177 134 20 23 178 190 240 41 176 65 236 11 228 79 169 7 135 240 203 142 203 242 167 254 246 107 90 206 48 19 165 185 6 50 174 171 55 25 199 131 208 175 114 1 213 15 193 200 113 224 19 129 192 76 60 102 44 178 176 33 146 79 241 170 160 158 28 186 226 43 116 203 190 10 239 50 32 163 9 110 72 249 244 92 84 63 223 107 65 224 146 150 35 239 96 66 165 208 11 56 114 123 60 14 199 240 43 70 187 133 126 124 217 179 202 221 238 28 246 205 151 170 241 228 189 150 241 101 231 151 251 69 167 221 246 16 182 102 139 186 197 247 57 18 137 14 98 129 2 21 147 126 179 13 191 68 211 173 62 185 77 170 130 49 29 232 27 124 58 223 121 85 65 34 32 198 205 64 228 89 85 235 138 94 30 30 166 18 227 40 73 60 58 169 108 18 93 128 161 97 177 40 59 245 7 149 37 189 92 223 12 117 187 208 38 77 202 6 191 10 117 80 251 61 27 151 135 94 182 201 79 106 177 111 110 175 107 139 6 151 23 82 180 70 69 129 217 188 110 180 234 227 65 121 202 214 139 7 229 163 195 251 229 63 129 147 183 175 201 165 191 194 96 253 136 66 170 42 184 149 61 201 246 242 120 199 217 243 138 72 100 138 103 101 94 85 95 158 253 149 156 221 102 189 116 11 246 97 150 84 196 162 46 202 174 169 126 210 17 140 32 229 115 92 160 195 97 92 120 99 7 18 82 52 130 151 70 190 137 206 12 207 213 136 31 38 139 225 248 59 15 137 214 36 46 211 117 71 118 80 245 232 3 89 186 46 204 170 64 126 252 185 215 178 47 98 108 195 239 138 172 119 225 119 249 18 200 87 234 231 244 139 24 243 36 33 46 52 122 142 70 49 152 83 248 57 5 44 64 90 127 113 67 222 37 230 186 236 131 15 217 231 147 61 81 30 67 85 119 93 242 153 106 48 57 24 205 115 223 146 78 184 194 185 213 3 35 114 164 152 24 220 156 18 28 213 137 9 157 61 61 210 74 193 129 162 186 59 33 82 186 52 184 20 65 76 193 18 48 84 77 6 210 212 84 42 146 52 85 81 156 11 11 198 58 82 0 39 254 94 100 119 184 13 251 170 133 187 195 133 199 116 5 187 49 149 247 225 151 195 203 107 101 96 131 255 128 151 251 92 191 30 219 195 132 93 226 32 118 101 241 153 79 138 62 74 196 30 185 17 12 110 232 196 183 82 206 168 231 84 66 34 212 44 50 211 157 234 244 160 8 117 22 122 53 145 225 22 47 153 151 190 1 150 52 198 240 201 139 16 217 26 77 87 2 212 124 230 129 139 120 57 201 0 245 15 208 129 77 177 133 130 81 212 41 42 3 114 203 184 204 135 115 10 235 106 3 213 54 21 160 165 149 133 139 183 20 229 79 52 54 249 82 102 73 12 103 147 140 27 209 247 177 168 119 254 226 252 243 190 204 186 13 135 151 155 101 237 104 85 211 116 75 208 110 51 158 78 86 141 87 90 239 52 77 100 170 50 145 230 60 218 126 117 229 247 219 193 99 94 210 228 174 38 10 6 247 172 108 216 76 73 131 207 77 39 194 10 49 45 91 73 233 206 224 33 41 55 224 213 72 67 33 7 194 166 53 63 248 64 46 121 8 47 207 76 33 104 152 155 168 243 147 18 165 204 33 67 134 78 108 121 119 201 65 165 150 200 12 90 152 202 132 250 131 230 72 241 165 54 89 136 164 167 188 48 53 227 138 167 96 147 72 170 128 64 14 138 112 173 251 149 247 134 85 26 49 77 97 188 251 249 88 195 199 95 238 121 82 7 229 219 130 221 163 255 199 68 124 182 191 61 158 194 119 78 31 251 205 192 46 254 55 6 207 190 1 141 111 153 30 143 225 29 188 81 137 69 251 79 67 203 40 4 228 128 109 252 186 79 249 77 91 81 199 95 80 18 243 92 75 40 11 243 199 111 224 186 123 48 184 152 29 227 34 9 182 222 224 84 72 74 149 233 18 165 239 29 41 90 254 238 194 20 36 127 77 78 241 85 173 162 88 164 6 72 110 153 72 226 3 191 0 105 106 253 138 154 217 160 15 151 122 212 100 1 18 221 63 103 45 159 250 67 168 137 219 91 210 1 182 114 179 21 113 115 47 28 58 9 99 29 161 32 49 144 81 24 215 247 36 80 220 101 50 169 43 51 34 252 89 173 132 9 177 226 123 98 76 60 42 218 116 84 23 105 151 39 242 226 131 125 15 38 183 225 135 135 194 255 43 211 254 103 49 205 235 53 66 89 218 147 54 234 176 89 128 82 116 140 24 142 231 132 239 114 125 122 48 35 71 74 220 80 57 55 220 47 207 195 45 190 248 173 145 29 160 27 57 65 0 199 218 177 35 193 35 126 29 105 20 87 182 94 209 55 227 88 89 253 112 40 162 230 53 125 174 10 215 112 106 114 84 156 254 223 159 177 124 66 104 132 62 234 180 219 246 11 67 227 101 143 58 183 225 255 254 57 93 138 207 7 78 58 255 7 253 255 141 20 10 101 110 100 115 116 114 101 97 109 10 101 110 100 111 98 106 10 50 48 32 48 32 111 98 106 10 53 50 56 51 10 101 110 100 111 98 106 10 49 56 32 48 32 111 98 106 10 60 60 32 47 84 121 112 101 32 47 80 97 103 101 32 47 80 97 114 101 110 116 32 51 32 48 32 82 32 47 82 101 115 111 117 114 99 101 115 32 50 49 32 48 32 82 32 47 67 111 110 116 101 110 116 115 32 49 57 32 48 32 82 32 47 77 101 100 105 97 66 111 120 10 91 48 32 48 32 54 49 50 32 55 57 50 93 32 62 62 10 101 110 100 111 98 106 10 50 49 32 48 32 111 98 106 10 60 60 32 47 80 114 111 99 83 101 116 32 91 32 47 80 68 70 32 47 84 101 120 116 32 93 32 47 67 111 108 111 114 83 112 97 99 101 32 60 60 32 47 67 115 49 32 55 32 48 32 82 32 62 62 32 47 70 111 110 116 32 60 60 32 47 84 84 50 32 57 32 48 32 82 10 47 84 84 52 32 49 49 32 48 32 82 32 62 62 32 62 62 10 101 110 100 111 98 106 10 51 32 48 32 111 98 106 10 60 60 32 47 84 121 112 101 32 47 80 97 103 101 115 32 47 77 101 100 105 97 66 111 120 32 91 48 32 48 32 54 49 50 32 55 57 50 93 32 47 67 111 117 110 116 32 51 32 47 75 105 100 115 32 91 32 50 32 48 32 82 32 49 52 32 48 32 82 32 49 56 32 48 32 82 10 93 32 62 62 10 101 110 100 111 98 106 10 50 50 32 48 32 111 98 106 10 60 60 32 47 84 121 112 101 32 47 67 97 116 97 108 111 103 32 47 80 97 103 101 115 32 51 32 48 32 82 32 62 62 10 101 110 100 111 98 106 10 57 32 48 32 111 98 106 10 60 60 32 47 84 121 112 101 32 47 70 111 110 116 32 47 83 117 98 116 121 112 101 32 47 84 114 117 101 84 121 112 101 32 47 66 97 115 101 70 111 110 116 32 47 79 89 79 74 68 85 43 67 97 108 105 98 114 105 32 47 70 111 110 116 68 101 115 99 114 105 112 116 111 114 10 50 51 32 48 32 82 32 47 84 111 85 110 105 99 111 100 101 32 50 52 32 48 32 82 32 47 70 105 114 115 116 67 104 97 114 32 51 51 32 47 76 97 115 116 67 104 97 114 32 51 54 32 47 87 105 100 116 104 115 32 91 32 50 50 54 32 53 48 55 32 53 48 55 10 53 48 55 32 93 32 62 62 10 101 110 100 111 98 106 10 50 52 32 48 32 111 98 106 10 60 60 32 47 76 101 110 103 116 104 32 50 53 32 48 32 82 32 47 70 105 108 116 101 114 32 47 70 108 97 116 101 68 101 99 111 100 101 32 62 62 10 115 116 114 101 97 109 10 120 1 93 144 207 106 196 32 16 198 239 62 197 28 183 135 69 99 123 41 136 80 182 44 228 208 63 52 237 3 24 157 4 161 25 197 152 67 222 190 234 110 183 208 195 28 190 153 239 55 126 14 63 245 207 61 249 12 252 61 5 59 96 134 201 147 75 184 134 45 89 132 17 103 79 172 147 224 188 205 87 213 122 118 49 145 241 2 15 251 154 113 233 105 10 160 20 3 224 31 5 89 115 218 225 240 228 194 136 119 181 247 150 28 38 79 51 28 190 78 67 235 12 91 140 223 184 32 101 16 76 107 112 56 149 117 47 38 190 154 5 129 55 244 216 187 50 247 121 63 22 234 207 241 185 71 132 146 168 16 221 37 146 13 14 215 104 44 38 67 51 50 37 132 86 231 179 102 72 238 223 72 94 128 113 186 58 101 167 85 45 33 196 163 102 74 202 34 31 170 188 239 26 254 107 172 155 234 143 111 9 237 150 82 9 215 206 210 114 215 60 158 240 118 185 24 98 125 191 213 15 111 41 115 32 10 101 110 100 115 116 114 101 97 109 10 101 110 100 111 98 106 10 50 53 32 48 32 111 98 106 10 50 51 53 10 101 110 100 111 98 106 10 50 51 32 48 32 111 98 106 10 60 60 32 47 84 121 112 101 32 47 70 111 110 116 68 101 115 99 114 105 112 116 111 114 32 47 70 111 110 116 78 97 109 101 32 47 79 89 79 74 68 85 43 67 97 108 105 98 114 105 32 47 70 108 97 103 115 32 52 32 47 70 111 110 116 66 66 111 120 32 91 45 53 48 51 32 45 51 48 55 32 49 50 52 48 32 49 48 50 54 93 10 47 73 116 97 108 105 99 65 110 103 108 101 32 48 32 47 65 115 99 101 110 116 32 57 53 50 32 47 68 101 115 99 101 110 116 32 45 50 54 57 32 47 67 97 112 72 101 105 103 104 116 32 54 52 52 32 47 83 116 101 109 86 32 48 32 47 88 72 101 105 103 104 116 10 52 55 54 32 47 65 118 103 87 105 100 116 104 32 53 50 49 32 47 77 97 120 87 105 100 116 104 32 49 51 50 56 32 47 70 111 110 116 70 105 108 101 50 32 50 54 32 48 32 82 32 62 62 10 101 110 100 111 98 106 10 50 54 32 48 32 111 98 106 10 60 60 32 47 76 101 110 103 116 104 32 50 55 32 48 32 82 32 47 76 101 110 103 116 104 49 32 49 50 48 56 32 47 70 105 108 116 101 114 32 47 70 108 97 116 101 68 101 99 111 100 101 32 62 62 10 115 116 114 101 97 109 10 120 1 109 83 205 111 27 69 20 159 221 217 157 217 245 199 174 119 215 107 59 174 237 218 107 59 53 141 98 68 236 181 149 56 117 67 226 42 74 105 72 170 144 146 164 6 228 54 105 98 197 193 212 184 82 74 17 234 41 66 130 42 82 4 82 15 21 237 153 67 185 86 226 192 129 75 85 181 170 232 161 66 133 191 0 202 5 137 139 93 83 222 126 16 85 136 145 222 254 230 125 204 219 223 123 51 175 219 185 178 129 4 116 29 97 132 46 238 52 62 66 246 98 90 0 201 205 214 213 75 174 126 19 65 192 214 70 99 221 209 209 11 192 210 22 24 92 127 17 48 179 181 211 221 117 245 21 192 96 171 125 241 95 255 151 160 251 118 26 187 110 126 244 43 232 201 15 27 59 27 78 60 7 249 81 210 3 31 75 94 93 204 171 10 236 5 16 203 150 137 220 183 93 62 215 63 233 226 75 119 33 36 57 129 60 147 68 1 244 35 162 136 5 124 29 237 185 129 28 164 177 50 16 118 63 248 218 253 245 15 228 201 191 208 144 149 29 161 239 127 255 244 161 133 63 221 120 48 219 239 13 190 16 159 11 37 80 69 200 224 44 56 71 191 25 60 3 182 119 250 189 222 29 241 185 157 201 117 218 192 115 214 239 31 35 4 120 23 164 3 178 9 30 231 159 208 11 68 144 10 122 10 89 60 88 104 46 103 159 235 162 46 186 199 72 204 117 196 35 244 247 199 248 9 47 129 143 162 113 52 143 222 134 227 74 74 177 37 40 177 148 6 73 218 200 179 230 177 225 82 161 48 86 101 205 226 112 218 144 88 219 86 44 149 171 184 48 150 96 49 68 58 150 42 107 233 12 126 242 98 13 47 12 8 251 89 250 228 185 2 159 136 202 65 63 225 217 88 68 29 157 204 6 150 206 103 39 243 113 138 41 193 188 64 115 229 105 227 173 214 41 227 25 85 226 122 40 174 10 130 26 15 233 113 133 14 126 225 165 222 159 188 212 159 225 90 253 175 48 169 212 79 102 240 77 143 192 114 132 220 75 68 134 142 87 82 115 231 100 45 192 121 181 128 18 18 168 170 248 114 181 250 96 79 143 89 57 98 186 238 228 26 204 91 29 185 11 111 235 54 31 70 121 132 178 22 219 148 85 84 17 232 166 20 74 200 240 176 181 47 103 157 114 116 197 46 234 54 241 248 233 160 78 125 94 66 68 191 192 72 61 45 44 241 152 120 69 230 56 231 83 35 106 36 169 146 223 4 73 228 107 90 52 64 105 32 170 169 81 69 196 63 127 237 225 252 137 176 18 9 248 200 15 152 227 24 142 122 73 127 95 84 162 192 163 3 60 110 241 41 84 253 15 143 178 86 197 102 49 15 109 60 108 37 177 88 232 246 37 164 172 38 223 226 69 89 28 152 146 46 83 236 145 125 253 119 155 227 106 204 92 44 158 104 204 189 225 163 94 202 177 188 16 169 172 110 87 222 191 241 94 62 52 187 215 126 196 22 4 217 203 159 86 99 154 72 3 137 80 48 17 14 251 25 79 253 96 247 194 200 200 252 132 97 228 12 65 77 232 114 40 32 233 153 116 196 172 127 114 170 122 109 255 187 206 83 81 61 98 245 108 243 229 31 248 0 184 194 156 49 206 13 19 179 88 178 88 57 47 1 216 30 222 250 161 229 255 248 235 9 140 15 170 221 111 183 223 188 188 50 33 11 4 75 126 209 92 106 215 166 215 107 198 200 210 213 249 107 64 147 18 175 36 94 158 110 206 29 139 22 207 154 19 141 51 99 30 168 9 179 68 208 38 150 219 83 107 159 159 31 77 86 215 42 51 237 197 81 166 179 186 127 169 172 199 143 74 82 48 174 103 98 201 108 210 168 46 143 149 87 166 12 184 4 93 27 146 169 49 181 90 206 205 149 142 166 115 105 94 62 18 146 195 138 164 65 137 249 119 174 204 158 104 158 29 247 178 212 92 220 182 134 129 129 9 177 103 28 102 5 166 105 97 117 225 116 109 121 100 166 209 106 94 232 52 255 1 133 149 190 32 10 101 110 100 115 116 114 101 97 109 10 101 110 100 111 98 106 10 50 55 32 48 32 111 98 106 10 57 50 49 10 101 110 100 111 98 106 10 49 49 32 48 32 111 98 106 10 60 60 32 47 84 121 112 101 32 47 70 111 110 116 32 47 83 117 98 116 121 112 101 32 47 84 114 117 101 84 121 112 101 32 47 66 97 115 101 70 111 110 116 32 47 87 90 90 83 83 90 43 67 101 110 116 117 114 121 83 99 104 111 111 108 98 111 111 107 32 47 70 111 110 116 68 101 115 99 114 105 112 116 111 114 10 50 56 32 48 32 82 32 47 69 110 99 111 100 105 110 103 32 47 77 97 99 82 111 109 97 110 69 110 99 111 100 105 110 103 32 47 70 105 114 115 116 67 104 97 114 32 51 50 32 47 76 97 115 116 67 104 97 114 32 50 49 51 32 47 87 105 100 116 104 115 32 91 32 50 55 56 10 48 32 48 32 48 32 48 32 48 32 48 32 48 32 48 32 48 32 48 32 48 32 50 55 56 32 48 32 50 55 56 32 48 32 48 32 48 32 48 32 48 32 48 32 48 32 48 32 48 32 48 32 48 32 48 32 50 55 56 32 48 32 48 32 48 32 52 52 52 32 48 32 55 50 50 10 48 32 55 50 50 32 55 55 56 32 55 50 50 32 54 54 55 32 48 32 56 51 51 32 52 48 55 32 48 32 48 32 54 54 55 32 57 52 52 32 56 49 53 32 55 55 56 32 54 54 55 32 55 55 56 32 48 32 54 51 48 32 54 54 55 32 56 49 53 32 55 50 50 10 48 32 48 32 48 32 48 32 48 32 48 32 48 32 48 32 48 32 48 32 53 53 54 32 53 53 54 32 52 52 52 32 53 55 52 32 53 48 48 32 51 51 51 32 53 51 55 32 54 49 49 32 51 49 53 32 50 57 54 32 53 57 51 32 51 49 53 32 56 56 57 32 54 49 49 10 53 48 48 32 53 55 52 32 53 53 54 32 52 52 52 32 52 54 51 32 51 56 57 32 54 49 49 32 53 51 55 32 55 55 56 32 48 32 53 51 55 32 52 56 49 32 48 32 48 32 48 32 48 32 48 32 48 32 48 32 48 32 48 32 48 32 48 32 48 32 48 32 48 10 48 32 48 32 48 32 48 32 48 32 48 32 48 32 48 32 48 32 48 32 48 32 48 32 48 32 48 32 48 32 48 32 48 32 48 32 48 32 48 32 48 32 48 32 48 32 48 32 48 32 48 32 48 32 48 32 48 32 48 32 48 32 48 32 48 32 48 32 48 32 48 32 48 10 48 32 48 32 48 32 48 32 48 32 48 32 48 32 48 32 48 32 48 32 48 32 48 32 48 32 48 32 48 32 48 32 48 32 48 32 48 32 48 32 48 32 48 32 48 32 48 32 48 32 48 32 48 32 48 32 48 32 48 32 48 32 48 32 48 32 48 32 48 32 48 32 51 56 57 10 51 56 57 32 48 32 50 48 52 32 93 32 62 62 10 101 110 100 111 98 106 10 50 56 32 48 32 111 98 106 10 60 60 32 47 84 121 112 101 32 47 70 111 110 116 68 101 115 99 114 105 112 116 111 114 32 47 70 111 110 116 78 97 109 101 32 47 87 90 90 83 83 90 43 67 101 110 116 117 114 121 83 99 104 111 111 108 98 111 111 107 32 47 70 108 97 103 115 32 51 50 32 47 70 111 110 116 66 66 111 120 10 91 45 49 54 53 32 45 51 48 55 32 49 50 52 54 32 49 50 48 49 93 32 47 73 116 97 108 105 99 65 110 103 108 101 32 48 32 47 65 115 99 101 110 116 32 57 56 54 32 47 68 101 115 99 101 110 116 32 45 50 49 54 32 47 67 97 112 72 101 105 103 104 116 10 55 51 57 32 47 83 116 101 109 86 32 48 32 47 88 72 101 105 103 104 116 32 52 55 49 32 47 65 118 103 87 105 100 116 104 32 52 54 52 32 47 77 97 120 87 105 100 116 104 32 49 50 56 56 32 47 70 111 110 116 70 105 108 101 50 32 50 57 32 48 32 82 32 62 62 10 101 110 100 111 98 106 10 50 57 32 48 32 111 98 106 10 60 60 32 47 76 101 110 103 116 104 32 51 48 32 48 32 82 32 47 76 101 110 103 116 104 49 32 50 48 55 53 54 32 47 70 105 108 116 101 114 32 47 70 108 97 116 101 68 101 99 111 100 101 32 62 62 10 115 116 114 101 97 109 10 120 1 205 188 121 96 19 199 217 48 62 51 187 171 213 173 213 125 95 150 37 217 150 109 9 27 27 12 6 47 62 1 17 108 14 99 12 24 27 12 132 219 54 24 115 36 193 166 9 71 128 198 206 9 9 47 49 45 205 221 22 113 5 3 73 161 57 74 210 166 133 164 41 73 147 38 208 183 78 211 35 14 105 74 142 38 88 254 61 179 178 73 210 246 247 125 255 126 146 102 231 216 213 106 231 153 231 126 158 81 251 186 13 75 145 26 117 33 6 137 205 107 22 181 34 233 165 255 18 33 124 87 115 71 187 47 213 231 247 34 196 185 150 181 222 186 38 213 87 63 137 16 187 237 214 213 155 151 165 250 198 126 132 198 191 179 124 233 162 37 169 62 186 1 117 225 114 24 72 245 241 104 168 211 151 175 105 223 148 234 235 179 161 126 109 117 75 243 240 121 227 237 208 95 190 102 209 166 225 223 71 127 128 190 111 237 162 53 75 83 215 215 252 5 234 236 214 150 245 237 169 126 245 121 120 190 140 214 117 75 135 175 199 115 17 146 209 223 64 67 195 47 132 180 112 9 12 228 163 79 81 49 106 67 28 34 72 64 1 52 30 158 124 30 92 203 192 89 122 158 20 188 56 240 82 163 179 81 87 252 25 114 202 233 45 208 99 99 143 198 104 125 236 47 103 38 36 127 58 184 87 241 133 226 127 160 171 144 174 167 39 224 123 252 159 146 21 8 41 167 39 127 154 220 167 248 226 230 25 122 150 190 242 39 41 81 23 217 141 122 160 28 130 114 14 202 69 178 91 212 114 243 218 95 241 54 94 238 189 124 229 50 115 95 123 159 28 157 244 94 62 88 226 245 62 143 183 194 77 26 233 17 199 143 109 126 197 219 135 77 199 107 199 121 125 147 180 164 10 197 160 116 65 233 129 242 9 20 14 197 240 25 36 226 51 162 145 60 50 239 21 111 19 148 185 127 121 197 251 87 90 26 225 174 199 188 31 239 128 74 84 121 119 108 121 197 251 243 198 98 111 227 65 218 87 122 99 243 197 249 100 126 99 0 126 96 238 169 131 175 120 207 65 105 157 100 194 87 81 23 148 30 40 159 64 97 97 146 87 145 0 197 7 37 6 69 132 194 225 5 162 26 174 95 73 191 179 106 156 23 77 42 34 229 40 10 165 17 74 19 148 46 40 71 160 92 132 114 13 138 28 93 26 110 17 228 133 22 134 123 189 15 247 122 31 213 64 57 15 229 18 148 171 80 100 55 71 155 160 215 10 165 11 202 33 40 231 161 140 92 245 9 126 95 28 82 62 179 234 21 47 58 44 28 246 29 142 29 22 15 215 28 150 161 90 161 214 87 27 171 21 107 107 106 101 232 128 112 192 119 32 118 64 60 80 115 64 134 86 9 171 124 171 98 171 196 85 53 171 100 168 78 168 243 213 197 234 196 58 241 195 154 186 154 150 154 15 21 190 15 99 31 138 31 50 49 109 76 39 106 69 221 37 237 37 157 44 214 33 118 144 216 22 113 11 233 234 232 233 32 93 91 122 182 144 79 14 99 197 213 203 184 232 252 230 75 155 73 215 193 158 131 36 118 80 60 72 186 26 187 126 222 211 216 243 115 214 203 122 185 40 27 229 88 47 241 50 196 139 188 152 120 177 151 17 20 130 46 138 163 140 79 225 211 149 224 18 38 166 136 233 170 113 53 35 42 68 93 35 110 100 106 20 53 186 22 166 147 233 102 172 45 184 73 209 164 235 196 173 138 86 93 55 238 82 116 233 122 113 143 162 71 167 62 130 15 41 14 233 206 225 132 34 161 187 136 207 43 196 179 231 117 87 240 37 197 37 157 218 203 11 170 40 239 83 149 240 49 85 53 47 170 26 249 26 85 11 223 164 234 228 91 85 221 124 151 170 151 239 81 29 225 15 169 206 241 9 213 69 254 188 234 10 127 73 229 208 201 116 124 84 22 229 217 145 70 137 172 132 111 148 53 242 114 29 171 227 124 172 143 43 97 75 184 22 182 133 235 100 59 185 94 182 151 83 123 57 65 19 229 124 154 18 46 166 169 230 68 77 35 87 163 105 225 154 52 157 92 171 166 155 235 210 244 114 61 154 35 220 33 205 57 46 161 185 200 157 215 92 225 46 105 28 200 228 51 137 166 46 19 139 42 43 129 36 12 122 185 56 217 215 135 175 30 155 156 7 213 239 82 213 155 169 234 141 84 245 235 84 245 90 170 122 49 85 45 72 85 243 82 213 220 84 85 151 170 106 83 213 140 84 85 157 170 60 169 202 153 170 28 169 202 42 54 195 239 94 135 242 79 40 255 128 242 49 148 191 67 249 43 148 215 161 252 28 202 57 40 63 131 114 20 202 65 40 247 67 217 1 101 59 148 219 160 108 129 210 1 101 37 148 37 80 26 161 52 64 153 15 101 46 148 62 220 159 250 185 95 165 170 87 82 213 47 68 43 156 188 6 229 77 40 143 67 121 112 114 158 94 161 87 244 244 225 133 162 200 247 60 201 247 192 90 237 227 123 54 242 61 235 248 158 102 190 103 17 223 51 135 79 151 167 201 125 114 143 220 37 119 200 109 114 139 220 36 55 200 5 185 86 174 150 43 229 114 185 76 206 202 137 28 104 12 39 140 76 156 196 103 149 226 120 226 124 51 138 47 246 37 62 159 21 232 195 202 25 243 18 92 160 20 39 12 113 20 159 93 106 75 140 141 196 129 11 204 76 140 137 196 19 124 205 252 185 71 49 190 167 62 65 118 245 97 52 123 110 31 182 211 254 118 103 194 80 54 247 52 240 161 49 219 191 239 164 245 208 246 239 215 215 35 75 228 63 95 182 155 67 56 94 179 249 52 96 189 235 89 222 251 25 239 221 196 195 153 248 44 24 234 161 67 61 159 241 61 210 144 13 31 171 65 15 197 23 237 105 114 163 145 239 226 145 198 255 189 198 21 43 232 36 107 230 30 149 163 210 250 178 5 169 250 56 81 41 225 145 155 156 254 250 82 139 208 58 81 122 254 241 126 219 86 231 25 22 225 39 145 42 82 159 80 7 74 19 26 40 116 106 57 147 114 38 209 83 192 228 232 41 45 12 235 134 79 217 182 142 247 59 207 224 39 135 79 9 48 172 7 0 162 245 27 214 175 111 223 0 175 245 235 215 227 245 237 235 219 23 174 95 216 14 67 240 162 163 27 34 237 235 55 180 175 135 9 164 14 55 103 66 187 237 27 34 145 13 145 245 40 65 42 150 39 124 80 196 61 77 9 95 160 60 33 171 88 222 71 86 15 15 164 5 202 185 183 145 137 187 128 188 220 93 8 51 79 33 23 72 179 254 145 146 236 28 250 20 206 249 161 254 39 179 3 164 241 159 37 57 243 221 195 106 232 30 76 13 141 200 193 127 175 71 190 48 180 157 20 142 180 191 91 167 190 33 141 245 125 247 204 183 122 113 244 119 20 71 93 80 22 162 30 148 141 222 64 37 232 113 84 135 182 162 31 224 44 244 79 184 178 2 158 68 5 199 23 80 21 26 131 214 161 191 65 187 30 181 227 33 152 87 21 154 140 250 208 47 112 0 205 70 79 162 227 232 33 244 235 161 51 136 7 249 172 71 75 208 82 180 12 238 249 67 244 35 228 131 251 119 163 231 208 239 88 53 232 40 22 20 68 25 104 6 218 131 206 161 79 113 28 239 100 234 80 25 170 132 187 109 70 191 67 111 19 25 72 120 53 42 71 183 160 197 232 46 244 56 105 32 247 162 40 252 246 100 180 10 173 71 79 160 163 232 58 214 227 1 182 102 40 60 212 61 116 223 208 133 161 15 225 142 85 104 58 90 131 30 67 207 163 243 240 126 25 222 215 48 135 115 240 255 50 62 166 99 168 125 232 208 208 89 120 226 40 26 11 51 156 3 87 157 67 151 208 187 48 155 27 120 52 254 41 190 132 175 17 27 25 79 250 152 106 110 193 208 81 164 68 17 248 189 122 212 132 90 224 55 59 208 109 104 27 186 19 237 69 247 160 195 112 247 23 208 71 152 129 103 48 96 55 206 196 121 56 31 47 199 173 248 65 184 207 7 196 77 178 72 148 204 103 114 153 199 153 83 204 59 236 104 238 225 161 235 48 35 37 204 201 14 79 16 70 121 104 2 154 4 51 158 1 243 91 11 119 222 1 176 57 12 79 254 20 204 236 57 244 107 184 231 76 188 12 175 192 123 241 15 240 17 124 2 255 131 140 38 211 200 95 200 63 25 7 115 23 115 31 243 83 118 10 183 104 240 173 228 35 201 223 36 175 13 25 134 106 135 158 29 162 122 150 26 105 144 23 197 224 61 9 77 149 222 113 128 73 13 204 182 17 126 105 5 64 103 35 218 4 243 216 129 118 163 253 232 0 234 133 149 121 28 61 131 78 192 140 126 129 94 69 191 66 31 160 143 1 30 122 108 198 30 92 128 199 224 18 60 7 239 192 187 241 195 240 36 47 0 140 254 138 63 38 12 209 17 11 73 135 119 38 204 52 78 102 144 22 114 15 121 132 60 70 18 36 201 100 49 53 204 105 230 42 243 57 107 101 109 172 143 205 99 231 179 119 178 15 177 71 216 203 220 60 110 21 119 39 183 159 251 129 44 141 95 253 245 47 7 115 147 234 228 50 208 187 254 8 179 112 13 77 28 154 51 180 101 232 251 67 239 3 180 16 104 117 12 104 18 50 224 137 106 228 0 252 73 7 220 204 65 185 72 4 184 149 3 6 86 161 153 240 158 133 106 209 2 212 140 150 163 213 0 201 22 105 173 232 28 111 67 223 131 89 238 1 184 246 160 251 208 131 232 16 250 1 204 244 9 192 209 103 208 73 116 26 86 255 103 176 134 175 161 215 209 59 128 3 255 11 239 126 244 103 244 87 116 13 125 137 134 208 16 172 45 143 213 88 3 144 208 3 36 210 113 24 96 49 30 79 196 211 113 45 94 128 151 192 234 180 224 117 240 222 9 239 189 248 17 252 63 0 159 199 240 227 248 36 190 0 80 186 140 223 193 127 193 67 132 37 70 226 36 133 100 2 41 37 229 100 22 188 231 146 86 178 147 220 75 14 144 199 201 115 228 69 242 22 121 143 188 79 254 206 176 76 144 41 96 150 49 15 48 135 225 253 12 188 19 204 11 204 231 204 32 240 54 21 91 200 110 99 7 216 36 135 56 63 55 137 155 2 80 124 129 187 192 189 193 189 201 253 81 86 43 251 153 236 43 190 94 110 67 9 152 203 51 223 162 108 10 196 52 166 3 181 224 28 180 148 121 30 48 235 29 116 24 79 192 126 18 198 255 68 247 176 151 217 247 72 148 53 163 169 236 120 108 96 110 197 189 0 153 215 128 102 223 199 26 110 17 177 227 40 80 240 57 102 25 119 167 44 13 69 248 213 160 113 71 81 47 105 65 14 252 107 214 133 239 194 63 100 107 200 60 210 65 38 48 203 208 120 38 143 189 133 188 197 142 98 254 40 183 177 71 240 52 230 48 65 128 105 103 129 6 23 98 63 224 118 58 172 68 64 86 132 144 88 52 174 104 236 152 209 249 121 163 98 209 220 156 236 72 86 102 70 56 20 76 15 164 249 125 94 143 219 229 116 216 109 86 139 217 100 52 232 5 157 86 163 86 41 21 114 94 198 177 12 193 40 187 34 80 217 228 75 132 154 18 108 40 48 121 114 14 237 7 22 193 192 162 111 13 0 71 134 161 202 239 94 147 240 209 239 45 130 83 223 185 82 132 43 151 253 219 149 98 234 74 241 230 149 88 240 21 163 226 156 108 95 69 192 151 248 117 121 0 84 131 121 51 230 66 251 251 229 129 122 95 98 64 106 223 34 181 217 144 212 209 64 199 239 135 111 248 42 108 203 203 125 9 220 228 171 72 84 118 44 223 93 209 84 158 147 141 143 170 148 101 129 178 165 202 156 108 116 84 169 130 166 10 90 137 202 64 235 81 92 57 17 75 13 82 89 49 238 40 65 114 13 204 49 49 53 80 94 145 152 18 128 175 194 109 152 96 197 162 37 137 154 25 115 43 202 157 126 127 125 78 118 2 151 53 7 22 39 16 149 125 17 233 18 84 38 253 76 66 86 150 224 165 159 241 173 72 192 116 208 30 223 209 236 243 187 247 246 9 104 113 83 68 189 36 176 100 209 130 185 9 102 17 220 163 34 161 143 36 170 64 144 85 109 233 183 229 100 247 225 199 103 207 77 40 202 36 101 226 52 154 58 212 117 116 74 87 121 121 61 253 53 16 187 59 191 125 185 147 217 93 97 91 225 163 223 222 189 123 167 47 113 104 198 220 111 221 204 233 167 183 172 175 135 155 230 100 199 103 206 245 195 83 7 42 246 250 232 52 102 206 149 102 0 55 197 182 40 60 56 29 163 211 76 77 120 105 160 130 142 52 173 244 37 20 129 210 192 242 221 43 155 96 177 28 187 19 104 230 102 255 49 199 84 241 244 208 85 52 181 194 183 123 246 220 128 63 81 226 12 212 47 42 119 29 53 161 221 51 55 31 159 34 250 166 124 247 76 78 246 81 65 159 130 244 81 173 110 184 161 214 124 187 177 20 86 33 117 78 106 73 151 211 22 60 245 8 168 49 125 162 192 148 132 8 56 214 236 131 39 153 27 72 144 224 88 122 88 58 22 237 110 30 11 43 2 175 122 12 16 93 1 240 107 218 45 140 131 217 37 184 160 16 240 237 254 12 1 34 4 6 62 250 238 200 162 225 17 89 80 248 12 209 147 20 93 110 162 92 2 47 26 105 39 34 145 68 86 22 197 20 190 12 150 22 158 108 162 212 47 200 201 238 72 196 3 173 130 47 17 7 144 161 154 185 240 165 250 113 81 0 185 223 79 87 121 79 159 136 22 67 39 209 53 99 110 170 239 67 139 157 199 144 24 5 149 137 52 209 51 231 71 206 152 107 233 153 174 145 51 55 191 222 20 0 116 62 1 70 31 66 230 132 60 116 243 163 19 44 198 138 229 227 18 216 242 127 56 189 52 117 30 200 167 194 119 148 229 130 187 107 230 134 22 237 222 227 12 53 237 222 91 15 88 93 9 84 189 123 119 101 192 87 185 187 105 247 162 190 161 174 197 1 159 16 216 125 52 30 223 221 90 1 212 152 154 82 223 208 249 61 206 132 184 183 126 57 6 160 38 242 83 208 72 24 203 230 50 78 66 49 19 90 196 201 64 43 62 43 16 159 49 111 174 175 98 119 211 48 141 12 143 208 245 169 207 129 57 200 96 38 4 120 17 148 237 80 14 67 121 144 249 62 154 193 93 24 250 7 232 102 247 0 159 170 132 122 7 55 7 173 148 61 141 154 152 82 52 13 218 34 255 125 148 38 219 142 102 195 249 22 232 215 64 221 206 41 209 118 104 143 131 241 66 248 254 23 236 122 180 20 138 0 247 155 192 238 71 107 64 1 173 35 79 163 40 59 13 53 179 127 66 17 178 29 141 34 11 135 206 179 63 67 249 208 206 227 221 112 253 159 80 25 92 87 1 215 79 128 239 174 130 239 142 102 78 160 54 198 141 242 225 220 88 248 174 3 126 171 0 234 8 243 123 180 24 198 227 80 52 248 135 160 203 128 129 47 45 12 149 255 50 220 1 125 31 122 118 120 4 58 255 246 2 182 12 146 245 255 239 5 15 33 189 56 56 202 160 240 32 127 21 160 185 128 126 13 119 167 47 13 184 99 116 146 126 103 128 158 17 153 144 25 244 185 255 246 178 34 27 232 59 14 228 4 157 199 141 60 160 153 248 144 31 165 129 28 73 7 109 45 4 122 80 6 202 68 89 160 103 81 201 142 64 182 71 255 219 109 254 31 30 139 161 81 240 116 121 210 19 134 97 62 107 209 195 160 153 118 17 23 57 205 148 179 6 246 36 55 149 219 47 243 202 126 197 111 228 63 149 183 42 86 42 231 43 175 170 214 170 85 234 95 104 214 107 145 246 152 110 172 238 55 194 211 250 121 250 51 134 105 70 143 113 190 105 185 217 106 190 203 82 105 149 89 79 218 142 217 141 246 19 142 58 231 74 87 200 117 202 157 229 126 202 61 128 64 8 130 197 0 111 88 67 30 5 79 178 11 16 191 0 247 145 200 41 164 100 239 69 220 189 204 105 18 68 40 154 252 64 248 0 149 208 227 168 152 95 239 215 7 225 128 193 76 186 225 99 206 223 16 57 244 53 242 177 231 1 71 182 39 127 132 31 5 13 200 136 166 139 249 157 160 46 245 194 141 31 210 189 41 83 130 225 194 24 162 24 227 46 195 229 106 117 139 186 91 125 69 205 118 171 123 213 231 212 23 161 201 121 161 73 212 167 113 13 50 9 159 175 107 104 27 248 168 205 80 20 213 23 161 146 129 254 134 81 49 99 184 176 96 116 40 192 203 2 105 161 130 209 133 249 121 32 210 159 74 255 185 74 101 49 170 115 202 202 11 74 231 38 127 20 187 191 69 208 177 76 101 222 168 242 91 235 95 132 167 57 60 212 143 31 4 45 69 133 178 68 59 122 80 166 98 46 71 21 37 138 106 69 139 226 138 130 235 86 244 42 14 41 24 197 105 50 13 169 133 207 225 39 225 183 70 197 130 244 214 195 63 131 221 121 149 149 249 121 85 85 239 76 206 27 61 121 114 126 254 100 208 187 31 132 57 254 132 121 25 238 234 69 115 196 66 58 7 162 126 200 249 166 94 41 123 16 241 106 141 78 231 137 106 176 166 203 198 92 86 116 121 46 71 109 37 182 106 91 139 237 138 141 235 182 245 218 14 217 24 175 13 219 232 143 250 82 19 189 62 32 124 51 215 212 108 241 183 158 129 161 51 15 164 125 103 230 216 159 95 81 57 106 116 85 101 97 218 121 179 92 103 210 70 74 43 242 39 205 99 94 174 28 61 170 178 50 150 63 249 171 43 209 158 205 118 142 155 156 31 43 191 117 214 175 225 169 103 12 245 51 165 220 71 64 43 49 180 231 88 154 220 124 22 175 2 82 194 36 46 90 131 15 70 84 170 85 78 130 22 98 156 113 185 55 23 231 62 106 147 119 120 250 112 150 232 234 50 244 24 136 97 137 118 190 207 22 179 181 218 122 108 231 109 92 171 173 203 118 201 198 192 36 154 209 40 225 243 182 134 129 129 134 193 1 225 122 195 192 29 69 81 27 5 99 201 224 159 5 128 101 217 102 209 102 119 43 52 74 151 124 14 86 59 180 139 144 194 173 154 131 53 118 213 34 176 237 225 179 109 27 14 140 158 136 199 76 196 116 117 211 100 102 19 213 213 190 189 200 188 140 215 98 230 91 240 192 103 11 236 225 154 146 252 237 77 179 90 194 227 39 70 199 222 242 230 15 30 123 43 232 106 187 191 196 9 171 149 7 5 39 58 118 85 175 152 121 111 93 71 207 204 136 205 147 91 24 19 231 77 89 127 234 181 251 23 78 43 186 245 174 173 201 125 0 187 41 147 11 242 42 16 25 250 7 224 255 27 96 51 123 128 151 188 34 222 230 240 100 121 234 72 157 167 206 183 2 45 55 172 240 60 236 86 120 5 191 87 167 247 121 189 134 46 47 194 62 76 200 74 157 215 164 211 121 145 199 211 110 240 154 12 6 175 199 160 35 172 211 239 171 21 244 122 7 70 12 39 183 57 121 103 173 67 78 52 58 193 207 241 24 201 188 122 131 201 227 227 236 94 175 163 132 175 230 59 249 94 158 229 159 240 201 68 89 151 44 33 251 68 198 201 250 200 232 99 246 119 29 209 129 193 134 129 6 59 69 126 107 145 222 80 84 4 21 178 149 12 20 11 197 197 197 37 197 48 94 60 88 108 176 22 237 228 114 35 119 8 47 237 204 181 209 42 178 83 120 233 37 190 184 24 229 142 138 225 6 176 31 45 227 177 217 95 144 159 55 6 176 39 204 248 121 0 109 106 40 175 112 140 2 116 246 95 149 17 163 175 57 119 240 88 116 65 200 193 223 54 216 87 225 156 95 151 55 248 151 57 75 178 240 239 147 95 16 21 247 231 175 78 205 140 199 77 90 183 222 136 199 157 152 156 53 170 50 30 143 175 96 126 57 8 174 126 140 238 25 122 151 91 2 112 243 161 95 137 226 10 217 18 215 10 223 70 161 67 127 151 240 176 236 17 237 67 194 3 250 125 166 125 230 253 214 51 194 25 189 46 108 158 42 155 39 91 101 219 202 109 52 221 195 61 194 237 215 60 225 124 214 117 217 165 78 57 56 25 230 12 81 2 43 250 129 104 144 31 246 48 62 131 104 104 50 180 2 222 37 12 50 67 31 78 138 130 238 176 69 129 84 44 174 37 235 217 90 102 61 12 30 21 245 49 163 104 108 50 38 140 172 104 108 53 118 25 25 99 31 153 41 218 84 151 5 135 207 113 201 113 213 241 137 131 67 14 218 97 46 57 176 227 52 153 129 252 64 112 128 172 131 64 234 215 225 13 192 69 37 131 253 13 37 208 6 22 131 27 80 3 30 147 111 12 132 194 128 138 68 47 88 45 249 0 172 124 130 2 105 233 164 96 180 33 29 184 14 251 131 138 18 71 89 233 146 219 127 124 230 111 59 214 253 230 196 245 96 149 55 249 102 255 233 228 175 78 159 195 89 63 110 58 193 205 238 30 252 201 215 27 31 76 158 72 182 39 143 31 121 224 195 191 38 191 76 246 159 193 13 151 222 195 119 189 88 10 148 88 9 24 247 11 208 6 108 32 169 238 23 253 190 28 188 47 176 63 139 136 114 187 173 22 17 159 174 86 43 15 95 238 146 1 206 8 50 159 140 145 245 225 93 162 198 125 16 173 53 233 214 118 27 123 141 196 120 26 28 253 217 64 110 253 197 253 3 131 48 33 152 69 49 124 36 122 203 75 203 34 106 57 175 224 149 188 138 103 101 193 80 122 40 16 98 100 44 199 112 68 150 25 74 83 135 215 225 44 2 135 16 239 95 135 50 184 200 186 20 37 70 178 178 178 182 109 3 8 52 24 253 121 86 139 193 108 2 186 3 166 67 113 168 176 64 63 58 20 193 126 160 79 61 197 34 64 42 64 43 1 192 84 73 110 60 189 241 129 139 19 163 47 238 93 113 100 112 246 222 130 204 236 240 62 98 203 137 228 21 111 125 170 115 86 100 252 182 181 239 115 23 138 167 37 31 253 244 149 67 183 245 229 166 197 211 210 217 39 188 193 80 232 235 37 233 193 186 113 43 238 249 10 175 251 241 189 128 79 59 0 42 139 1 42 89 216 35 86 238 208 222 109 124 72 251 176 241 65 215 7 174 235 46 94 199 34 87 53 27 231 216 88 246 100 118 26 55 221 181 128 93 232 90 161 89 97 92 225 218 172 217 108 220 236 186 219 245 48 171 173 118 97 65 231 211 129 187 94 215 165 235 1 23 118 31 185 69 52 169 188 134 168 161 196 80 109 232 54 244 26 100 58 131 23 184 25 61 161 83 213 90 44 62 62 171 22 162 20 37 132 144 62 82 35 122 49 168 113 206 90 127 173 224 241 121 98 30 209 83 227 233 242 244 120 120 228 17 160 195 120 250 72 181 232 246 201 13 186 90 189 32 120 172 120 61 83 75 136 219 187 222 93 235 131 243 93 210 21 181 162 43 168 180 30 244 173 69 107 67 135 130 137 224 249 32 131 130 66 208 23 140 5 91 131 92 144 46 93 132 178 204 226 254 254 193 98 1 72 189 255 118 32 105 219 64 63 96 35 165 108 96 158 148 159 150 20 11 31 55 8 64 232 69 209 129 254 182 6 129 202 64 220 214 128 218 96 121 140 129 92 28 144 22 67 194 79 61 116 35 88 90 24 159 49 159 249 214 130 237 96 31 112 149 101 252 100 79 242 253 64 122 231 178 78 174 162 130 219 214 210 30 201 251 0 111 40 154 108 255 122 194 210 241 177 172 156 205 220 133 164 230 163 231 66 225 193 127 220 183 111 112 214 211 247 15 158 240 165 225 63 12 254 62 158 25 102 31 8 135 96 109 86 194 218 140 130 181 201 64 23 197 236 41 220 124 110 179 110 147 233 110 221 46 211 255 176 15 115 242 70 14 63 168 123 196 244 21 199 40 184 105 176 60 140 79 136 9 162 208 35 176 66 31 94 36 134 212 94 99 212 88 98 172 54 82 228 149 85 27 177 241 45 117 173 213 10 10 28 184 181 74 8 227 37 87 134 225 239 192 152 175 205 0 34 112 214 122 107 61 114 193 184 80 111 48 216 112 23 128 185 15 115 162 35 224 126 73 101 59 232 1 208 166 39 2 24 108 160 64 83 160 53 112 41 192 5 40 88 51 111 130 181 95 24 28 232 191 9 206 129 146 1 96 158 31 183 53 80 8 223 4 38 64 18 175 147 128 73 194 128 219 20 181 255 29 154 18 255 28 198 253 149 236 113 83 69 238 172 198 196 64 192 215 185 114 43 55 121 50 191 101 117 103 108 252 35 131 69 251 115 195 153 249 247 2 20 17 150 215 52 248 253 131 127 221 123 223 224 210 199 239 25 124 45 47 51 30 15 102 177 251 51 210 40 199 108 2 21 120 42 64 113 28 218 117 84 206 67 20 79 28 13 116 224 30 71 52 2 22 106 177 142 68 179 189 174 218 28 183 92 183 214 189 214 170 93 171 240 174 85 164 31 44 177 182 90 47 90 175 89 89 193 234 179 198 172 140 181 15 199 68 83 1 94 43 147 229 172 13 3 87 136 174 237 42 192 53 5 184 128 194 96 60 229 112 128 89 253 197 2 0 161 173 97 176 184 31 26 253 253 168 4 80 139 138 143 148 24 73 193 6 180 42 191 153 10 93 80 232 40 125 23 72 61 144 20 122 144 194 223 136 15 56 251 77 159 18 190 116 113 19 217 216 62 33 72 30 11 76 90 77 192 151 29 80 201 52 142 138 101 131 123 87 139 86 205 224 124 181 125 66 251 224 221 155 125 33 5 23 156 184 146 187 16 143 204 74 142 197 175 204 201 136 199 45 78 253 228 175 223 190 69 72 139 199 3 198 25 132 12 126 62 93 240 199 227 14 155 80 193 102 207 138 80 72 77 3 75 234 115 128 148 29 180 72 109 204 137 137 29 112 66 167 174 213 200 241 25 252 46 82 227 119 143 241 7 117 180 137 240 187 162 190 83 194 172 33 35 91 109 60 103 188 8 130 128 66 194 65 177 129 66 2 230 62 204 29 41 107 75 205 247 91 243 129 217 208 245 159 70 158 222 48 61 211 96 43 185 115 112 206 182 242 12 131 43 222 14 79 29 46 249 250 80 153 222 26 143 103 148 177 77 162 206 10 207 38 2 45 228 193 179 57 209 105 113 236 2 245 239 213 127 85 127 173 102 75 53 53 154 165 154 14 205 93 154 7 52 191 208 240 50 181 168 33 140 179 22 216 201 8 75 170 145 152 18 143 116 130 142 0 103 170 22 195 122 149 161 86 47 23 214 107 107 117 192 182 68 93 19 92 113 85 39 67 82 167 6 186 173 48 192 235 206 194 100 44 16 107 121 247 184 140 63 168 31 153 180 201 122 200 146 176 156 183 48 130 165 199 114 200 114 201 114 213 194 89 232 188 93 223 166 2 224 36 210 244 5 224 41 20 3 70 197 40 218 127 3 6 202 203 11 191 203 51 68 242 147 31 133 131 209 170 75 143 255 54 86 153 246 117 108 243 196 188 172 204 135 0 22 153 217 95 183 101 5 222 195 250 193 11 241 232 104 246 206 32 229 12 128 216 124 29 64 35 19 93 62 89 18 193 15 16 220 55 116 187 88 66 108 86 31 99 177 90 239 35 140 137 16 6 219 109 182 115 4 67 19 91 136 157 17 184 204 90 150 1 216 104 245 30 224 181 58 159 87 110 179 202 177 205 10 238 104 51 33 233 236 243 176 178 58 40 74 136 51 191 43 106 45 230 131 10 157 178 68 217 164 236 85 178 202 73 42 210 4 90 172 23 206 131 53 136 79 80 28 128 88 244 187 162 34 150 46 166 147 158 116 156 126 154 52 162 44 170 92 83 30 11 116 208 0 83 167 84 64 149 42 67 17 232 78 160 79 1 45 20 15 211 4 173 135 21 170 157 119 72 10 21 84 17 128 149 4 42 80 150 134 145 102 132 38 128 2 112 0 24 174 7 91 129 69 128 234 42 17 68 26 30 192 167 241 62 252 229 109 147 114 10 75 219 6 23 108 45 28 157 180 150 15 126 26 171 191 117 240 141 187 23 231 150 108 229 46 124 221 202 246 196 67 209 175 215 4 66 241 120 166 143 253 203 87 119 113 29 95 255 186 169 49 95 22 143 43 150 116 50 55 66 1 74 1 179 129 87 44 4 184 166 161 191 136 237 9 7 94 193 45 113 108 230 110 83 119 24 219 29 123 184 61 234 29 198 46 199 1 238 128 186 199 216 227 208 234 93 110 16 80 84 47 21 60 38 16 76 24 201 9 29 227 210 204 182 90 193 42 231 149 105 181 114 208 175 244 2 67 12 224 18 101 156 105 49 139 104 169 177 48 150 151 12 252 163 68 249 168 174 209 138 173 107 27 211 112 218 90 39 217 124 68 135 117 125 120 135 152 97 216 44 56 125 206 152 179 198 217 229 236 113 30 114 94 117 126 226 84 32 39 29 20 97 144 19 224 208 227 100 156 167 241 223 81 96 68 183 26 0 89 213 15 2 139 190 129 229 82 29 22 0 46 241 31 122 72 41 181 59 115 35 59 57 128 181 246 37 246 165 151 70 32 141 41 41 134 129 11 165 105 177 89 79 33 108 25 1 48 140 3 145 206 198 139 152 219 199 21 172 32 92 245 244 113 11 111 44 221 210 53 248 218 202 219 245 121 102 119 110 25 192 182 131 153 210 57 97 44 137 199 179 219 43 190 94 193 158 190 113 215 230 141 208 99 239 108 100 254 110 40 84 106 65 247 106 1 173 245 87 160 181 234 192 131 176 75 92 61 75 86 111 152 13 102 204 73 89 159 246 2 255 165 76 94 79 230 104 231 152 234 93 155 152 77 220 46 102 23 183 203 249 132 178 143 127 86 121 82 255 172 225 89 211 73 243 25 235 25 219 89 231 25 247 191 184 47 148 22 225 48 98 44 135 229 10 199 229 40 43 178 231 88 38 198 54 177 132 189 98 188 44 168 125 234 152 186 85 205 214 168 123 212 68 58 168 79 147 74 208 35 82 10 168 164 179 129 92 26 86 58 243 88 80 183 8 59 162 102 90 169 242 105 0 105 100 40 16 72 136 17 206 226 170 211 103 146 103 159 61 150 124 229 249 83 120 226 115 47 126 250 229 169 174 23 214 175 126 133 251 243 203 201 222 247 222 75 254 207 133 23 241 170 247 222 193 141 23 110 73 62 151 188 47 185 62 121 105 55 206 190 142 149 56 210 3 172 20 34 54 136 75 151 120 86 24 237 16 253 25 114 87 173 66 225 212 82 246 147 94 235 4 222 234 18 97 201 95 82 30 180 248 46 183 178 152 165 194 214 128 214 130 22 168 95 155 176 96 193 226 3 6 195 72 236 37 67 184 222 214 112 29 108 145 126 80 93 4 80 158 169 194 2 230 158 164 168 72 10 168 203 19 32 188 44 148 22 242 240 190 57 56 64 224 224 229 220 115 144 159 73 159 51 172 106 130 217 7 74 38 11 42 38 232 151 223 22 46 41 74 194 84 227 28 13 58 14 136 166 26 242 251 47 48 187 233 177 79 147 95 154 93 209 39 7 199 63 144 157 57 122 242 26 252 252 171 231 158 154 118 255 147 45 227 185 11 87 79 158 108 188 51 201 103 27 109 32 81 60 236 129 156 140 193 229 189 167 186 238 46 205 162 185 60 237 201 54 238 47 176 226 126 136 211 85 98 183 56 70 198 86 177 164 206 60 223 63 55 80 23 221 97 218 89 250 164 246 4 62 147 113 34 235 120 244 217 210 207 177 134 119 203 253 85 60 115 194 124 218 126 218 253 124 232 249 108 46 42 71 12 211 7 25 46 97 93 17 216 125 69 140 78 35 24 211 80 81 140 157 80 126 216 168 40 56 60 97 130 211 136 148 130 210 167 140 41 69 37 167 236 195 23 69 81 214 161 201 60 236 100 210 144 142 9 10 69 69 65 113 97 44 22 204 81 44 84 118 5 47 71 189 162 247 156 151 137 65 34 200 149 156 203 41 201 222 106 101 107 172 77 214 30 43 83 3 7 98 165 248 82 245 13 190 72 230 74 116 80 15 74 162 68 79 3 81 0 190 164 209 148 12 80 154 42 2 75 113 216 36 28 21 179 129 225 237 11 101 219 60 238 32 208 77 208 30 202 112 5 65 237 119 228 172 67 33 79 230 58 156 109 131 3 132 217 97 61 232 139 234 253 109 184 161 45 104 177 194 91 82 131 180 0 253 80 152 30 193 244 17 198 20 194 114 81 28 13 83 67 157 80 75 157 152 77 6 107 202 21 99 181 48 146 201 36 89 239 240 109 246 81 193 24 240 249 50 67 99 72 49 222 221 114 235 54 243 216 229 209 51 201 151 79 191 254 51 236 120 30 143 125 238 254 139 133 121 107 95 217 122 251 203 45 165 149 164 119 219 247 230 150 78 34 57 69 29 11 55 77 173 154 94 188 114 65 102 213 246 140 140 218 230 19 79 63 246 55 173 246 231 120 197 159 112 105 255 197 115 201 3 239 253 50 249 18 191 236 227 227 55 112 112 239 222 228 91 67 39 146 201 246 92 215 237 135 234 74 147 239 159 152 177 124 83 227 194 217 94 15 229 158 219 135 250 217 159 194 154 231 226 90 49 103 111 112 119 232 221 32 51 70 93 165 22 29 162 179 158 155 227 90 193 45 83 47 115 109 230 58 92 143 112 175 90 95 181 253 194 245 118 88 40 144 219 86 216 251 240 184 227 206 21 14 199 115 132 71 118 172 68 86 108 59 110 198 43 64 253 28 119 156 93 193 48 207 17 200 22 131 113 4 227 217 224 233 129 164 21 113 122 32 100 10 4 66 33 141 142 241 76 8 84 7 86 5 58 3 221 129 131 129 95 7 174 4 174 5 134 2 74 111 32 26 40 129 19 108 32 192 123 66 154 128 142 245 43 249 195 217 140 231 176 89 81 205 52 50 212 10 238 101 184 43 12 164 253 96 64 180 99 162 218 63 63 101 3 159 51 176 96 173 212 138 130 99 189 114 62 104 184 153 190 204 171 153 159 100 114 153 212 156 141 130 211 106 128 210 97 63 88 181 212 233 50 128 37 94 75 177 2 180 93 112 17 104 115 35 90 112 14 216 144 240 209 245 1 44 128 157 251 77 75 34 86 85 86 196 235 51 154 228 10 121 4 176 118 225 113 228 53 249 105 141 21 89 160 161 66 237 51 122 78 227 133 224 36 28 118 215 164 80 133 90 201 41 250 164 66 208 3 184 0 54 114 152 15 232 243 45 104 152 120 41 199 78 57 234 152 227 243 166 200 74 39 254 243 209 187 158 20 59 19 95 92 88 156 252 231 239 62 120 170 109 242 228 44 156 126 234 129 179 149 251 175 124 86 127 199 191 94 104 120 146 171 219 54 248 193 151 253 143 174 171 90 85 22 42 92 251 68 235 43 201 127 61 176 155 76 24 72 126 124 228 142 170 85 83 70 143 155 188 236 236 139 255 42 133 21 30 7 28 45 12 28 205 141 126 34 150 55 176 239 178 111 58 153 10 39 158 204 78 117 204 115 204 115 62 204 238 119 126 193 242 37 108 177 163 216 89 205 86 59 56 14 220 110 238 168 187 196 93 237 110 116 119 187 123 221 67 160 103 187 71 134 56 119 31 153 45 234 169 253 173 214 215 234 180 114 204 212 214 16 76 206 224 22 164 5 213 66 169 56 104 66 174 218 70 55 118 211 33 208 77 68 45 50 29 50 37 76 76 141 9 155 76 94 79 10 230 253 224 2 43 2 174 72 43 73 228 149 12 36 193 212 19 134 21 175 148 241 70 110 218 209 223 24 24 212 191 199 7 230 177 9 119 69 121 242 234 184 72 86 236 193 193 25 79 167 165 231 230 223 187 168 38 48 133 187 48 248 58 30 200 200 253 122 113 58 168 205 105 46 246 72 40 124 119 27 36 83 96 84 56 212 47 105 10 17 116 72 156 16 214 20 42 11 52 133 218 74 101 133 166 82 59 91 57 71 51 75 187 79 179 79 251 132 242 9 205 227 218 83 74 129 87 21 40 199 168 42 20 85 154 91 2 178 229 233 24 92 65 102 98 143 212 90 96 226 125 56 46 234 252 10 235 90 183 121 173 110 115 141 251 136 155 184 169 26 144 22 34 107 121 48 52 194 190 80 44 212 19 58 20 74 132 56 20 18 66 190 80 107 168 43 196 9 33 28 58 77 166 131 67 130 202 54 144 11 84 225 130 3 40 158 96 197 82 171 227 27 203 117 68 251 246 72 44 94 63 58 151 4 82 70 7 152 28 146 131 19 112 70 82 166 10 201 51 119 143 201 182 166 157 188 239 151 111 218 163 147 103 147 104 198 194 5 187 30 78 254 225 70 81 36 26 253 62 168 163 233 193 27 207 223 89 214 220 241 250 17 242 196 188 134 209 246 120 124 105 211 96 230 199 157 221 119 108 168 223 201 220 145 22 70 120 232 139 161 247 184 215 0 75 188 232 13 81 149 97 43 241 239 87 49 54 187 221 218 55 116 135 56 75 233 176 251 156 14 199 57 165 220 164 84 202 173 118 251 125 74 21 180 84 78 171 92 197 34 165 210 142 236 14 133 69 175 247 26 16 227 5 196 176 218 84 140 193 232 84 200 101 44 118 216 209 28 229 98 229 125 202 243 160 144 42 141 49 44 66 140 141 1 191 249 26 209 140 12 239 250 192 51 213 5 158 169 79 140 156 207 136 59 192 226 5 223 222 179 29 8 199 96 193 128 52 193 1 5 194 51 229 228 107 72 121 248 36 194 181 129 28 21 164 119 73 49 69 168 97 165 148 146 48 176 118 155 68 203 17 94 75 209 9 55 48 41 181 212 228 197 10 76 125 227 55 237 55 208 77 169 67 64 65 90 86 151 197 12 114 188 29 215 43 39 21 45 37 105 217 121 205 25 201 194 41 131 159 59 171 38 196 0 132 62 167 57 195 124 195 207 28 115 101 140 157 24 143 47 92 253 117 132 203 42 205 167 26 195 82 224 160 21 224 227 206 69 69 96 243 79 91 238 219 228 35 178 194 232 1 157 78 113 206 115 209 115 197 195 232 60 189 30 226 245 96 207 87 198 85 233 124 225 42 5 122 45 167 149 97 20 42 132 101 153 69 96 175 96 60 94 40 218 146 81 147 217 146 57 148 201 120 51 123 51 47 102 94 201 100 51 251 72 185 104 83 215 56 155 156 173 146 90 73 149 74 30 129 66 217 5 154 228 25 178 16 120 110 173 232 59 228 79 248 73 204 143 253 254 252 14 159 90 84 147 18 117 181 186 81 221 165 102 27 83 129 2 210 128 198 165 164 35 101 118 3 96 224 80 123 151 106 242 69 81 42 23 105 228 0 252 43 253 2 53 255 1 49 97 120 64 95 68 81 49 104 165 254 101 73 182 1 135 74 15 74 158 103 234 31 253 142 235 25 58 84 51 201 207 195 50 201 119 74 217 26 235 79 159 82 95 222 16 104 236 89 218 243 16 174 195 238 45 11 235 74 114 108 238 113 209 188 178 43 39 159 152 59 215 98 9 132 147 127 74 174 172 158 89 218 241 147 91 199 198 167 54 44 41 187 125 209 125 63 247 221 51 109 117 186 211 161 243 101 120 115 138 202 11 154 127 52 121 202 242 36 42 247 249 241 51 129 234 226 181 183 212 29 223 73 161 46 12 125 202 106 33 215 203 6 241 172 63 137 160 100 179 246 160 28 178 70 188 118 107 157 109 27 66 246 86 150 247 174 210 9 74 149 160 12 116 0 131 222 42 170 12 58 157 65 163 113 9 221 6 212 135 127 40 106 93 91 168 163 94 180 213 216 154 108 156 13 50 247 196 12 100 240 25 168 27 159 245 25 98 224 91 173 145 188 171 93 134 67 134 75 134 171 134 79 12 42 1 134 122 12 140 225 52 126 29 232 154 82 113 127 27 248 239 169 7 69 242 77 129 55 5 149 148 24 138 0 146 37 146 26 82 4 112 4 13 195 225 11 114 10 127 48 200 5 154 177 79 1 135 116 153 189 25 167 201 189 205 195 170 5 8 139 41 179 55 131 240 114 130 49 76 236 155 56 7 227 218 4 242 19 11 197 17 68 125 255 250 137 192 8 168 94 65 23 68 198 67 164 35 229 136 160 238 24 19 192 158 58 175 67 120 233 248 158 218 199 250 63 59 57 103 239 212 162 130 12 87 69 73 22 153 209 118 207 222 182 101 19 167 223 205 189 61 56 121 214 204 100 242 183 31 36 63 44 159 49 127 156 118 253 29 108 96 212 216 248 224 227 47 255 233 237 51 11 218 223 122 243 28 229 146 19 32 250 81 3 248 236 71 199 197 16 192 20 249 116 95 217 87 41 120 244 133 175 149 81 33 75 163 161 197 208 41 185 8 175 25 134 12 188 206 128 13 20 21 45 216 33 90 212 221 62 28 195 53 248 16 62 143 175 98 8 245 98 1 144 155 162 113 186 187 163 85 214 35 59 4 14 252 243 178 75 178 171 50 30 129 199 54 38 171 145 181 66 7 206 96 89 75 218 176 10 7 80 189 78 177 148 250 156 65 97 30 160 222 231 20 20 29 94 86 238 12 122 89 119 51 114 200 225 224 225 124 205 200 197 3 40 83 10 26 192 201 10 50 3 60 208 32 91 111 70 71 36 208 80 177 33 1 138 209 77 154 158 252 252 197 47 177 208 183 251 68 89 110 206 196 52 97 122 217 150 146 121 135 110 127 6 91 140 201 63 98 114 249 75 172 223 223 48 118 202 196 236 236 12 163 202 61 166 126 219 111 95 189 8 56 183 6 112 110 35 224 156 19 188 123 31 138 37 30 209 232 114 138 105 234 160 220 162 112 165 57 235 208 54 140 92 173 70 62 173 85 173 146 213 241 144 92 74 20 138 32 233 116 118 59 123 129 94 223 176 30 10 182 66 4 163 7 252 212 111 4 183 128 158 180 85 52 120 59 124 186 26 112 103 129 251 130 52 234 122 193 223 113 26 168 21 220 115 0 131 1 240 204 53 8 215 83 170 43 32 152 164 182 220 196 171 20 64 220 126 141 65 31 114 27 0 143 252 26 56 120 4 23 32 152 54 237 223 209 42 144 174 84 165 43 211 54 177 1 85 112 19 86 42 70 208 74 66 58 67 40 195 100 14 135 66 102 215 38 46 195 4 231 205 96 200 80 180 163 120 23 148 188 165 102 191 196 4 0 176 99 10 1 178 86 9 247 152 97 212 163 97 147 16 153 131 215 22 21 77 74 158 183 21 61 220 120 232 143 61 109 247 207 235 46 152 84 81 54 110 117 231 247 150 173 57 48 107 50 119 65 255 85 50 46 198 207 45 187 21 171 255 240 241 61 45 243 230 19 125 214 168 193 207 143 253 246 131 179 175 191 250 179 53 224 244 35 168 14 176 239 12 96 159 9 162 76 135 197 28 209 135 199 203 229 156 192 99 30 172 72 51 50 31 192 152 115 173 18 120 174 85 169 226 229 246 14 116 168 85 142 47 201 177 32 199 114 10 81 157 198 140 59 174 105 176 78 227 213 16 77 139 151 66 146 58 143 37 156 146 66 164 37 212 48 160 190 61 144 189 148 203 1 117 102 59 60 42 48 42 141 38 131 137 200 152 144 83 111 223 136 221 58 115 51 36 128 97 192 52 147 107 35 246 104 1 176 68 205 81 192 166 108 1 8 1 108 131 240 145 95 50 3 198 80 180 67 16 248 160 192 177 112 126 106 149 81 213 159 57 54 184 136 139 207 217 254 210 198 73 247 37 63 122 46 57 52 120 122 215 47 242 2 131 205 248 161 244 140 187 27 150 223 139 127 115 121 110 243 21 87 178 31 11 111 246 99 251 222 59 23 84 140 26 191 246 145 51 148 18 33 38 207 228 67 28 50 130 78 136 206 101 238 14 247 46 223 126 31 107 145 147 86 140 13 173 230 51 70 153 215 19 245 16 8 62 254 85 244 100 212 217 176 66 93 167 82 6 231 55 250 91 252 157 254 110 127 175 255 154 127 200 207 235 64 52 244 145 133 167 16 184 39 68 64 196 62 28 20 125 17 178 86 177 150 221 34 248 31 14 154 212 123 12 123 174 9 24 9 71 4 34 8 53 224 142 102 132 211 176 95 32 165 166 244 167 28 164 80 129 170 38 89 227 224 35 132 40 102 201 159 1 136 169 192 165 54 51 203 98 205 180 70 230 160 44 75 6 88 174 152 34 78 27 206 55 7 190 107 177 6 10 242 83 32 26 137 91 14 83 166 204 140 239 252 219 223 44 158 194 174 193 23 170 11 178 126 248 195 223 236 111 235 156 16 205 26 147 238 206 201 169 221 192 60 85 55 56 59 106 4 189 37 61 68 158 175 171 252 18 115 107 235 199 149 21 102 70 61 54 181 222 181 239 65 176 93 155 147 109 236 4 200 207 24 15 217 137 181 232 151 226 184 250 188 21 121 15 231 253 194 248 202 152 151 39 201 198 6 198 166 143 157 48 70 28 51 169 74 172 154 196 31 48 28 48 246 140 97 114 58 60 157 147 59 188 222 80 126 233 42 159 185 198 76 170 205 87 204 196 220 71 52 98 176 72 139 138 228 215 212 77 164 179 120 85 17 95 189 42 164 155 185 38 45 141 211 34 125 133 82 201 237 169 232 136 66 126 98 31 177 137 233 249 37 29 133 133 142 88 214 154 120 151 99 141 16 243 197 98 49 49 198 210 67 107 236 124 236 147 24 23 251 201 28 234 9 24 76 153 165 3 69 82 32 3 226 24 192 213 64 244 70 165 24 48 152 27 32 114 65 31 134 235 192 60 141 66 95 114 245 128 11 146 210 155 4 47 26 106 227 61 216 108 210 2 132 37 110 6 50 119 12 61 201 203 252 105 146 9 49 38 23 108 206 194 212 17 190 198 127 67 160 33 137 88 37 139 149 250 11 24 253 146 217 121 165 57 158 34 147 220 152 150 17 241 205 126 177 126 77 123 40 228 245 206 249 226 236 99 11 239 76 222 120 107 249 204 21 183 55 47 153 177 164 118 206 229 103 42 191 247 203 250 246 246 121 243 214 111 240 244 29 28 63 189 231 199 63 45 236 96 218 151 138 185 193 81 149 158 156 241 117 121 117 219 151 217 236 177 176 217 204 221 177 102 211 204 246 234 137 183 140 95 108 179 53 84 136 141 105 209 237 115 118 245 101 216 238 236 216 186 103 231 214 13 187 110 108 89 54 185 60 60 122 93 101 102 21 36 75 128 97 13 59 137 78 2 79 141 162 119 196 232 195 54 136 104 113 14 183 60 42 49 83 199 135 28 159 46 4 234 32 44 23 48 24 116 117 130 18 99 111 150 78 239 213 31 209 159 211 179 250 179 216 14 238 94 1 219 143 89 182 168 168 144 81 100 161 244 67 233 137 116 38 29 132 249 49 239 150 16 149 233 166 206 104 119 180 55 202 68 223 128 128 153 144 85 147 213 147 197 100 81 244 142 81 222 0 14 56 112 14 208 32 136 228 130 163 92 118 88 177 28 16 0 205 65 136 75 28 194 96 179 203 20 124 208 46 179 110 196 114 133 77 238 216 8 107 0 60 18 16 61 197 66 157 110 134 117 5 221 140 99 19 231 100 61 155 16 228 76 142 176 80 212 96 12 74 210 219 10 139 55 204 77 71 34 133 1 201 127 55 28 110 166 122 147 196 88 35 184 121 234 211 141 243 38 143 173 206 142 214 36 101 99 197 81 109 115 43 58 102 102 197 106 146 250 177 69 177 146 226 114 96 166 131 185 77 141 145 180 167 219 147 101 145 48 56 72 51 241 243 27 238 156 186 111 118 114 119 94 86 60 158 19 101 23 22 143 7 126 10 89 50 164 30 224 75 51 48 26 68 77 12 156 242 4 189 41 243 214 169 183 65 180 244 239 98 166 70 102 176 212 153 149 198 55 180 52 201 131 208 148 15 162 104 96 24 237 22 243 27 234 55 144 227 136 131 212 56 122 28 196 65 65 70 211 48 104 204 4 8 159 6 218 164 112 193 159 33 41 99 160 13 180 197 111 4 110 33 3 82 227 102 92 100 120 82 120 116 78 121 105 110 110 89 249 91 184 93 176 6 86 14 126 212 156 157 41 150 220 194 189 93 158 155 83 90 150 147 83 62 248 186 234 198 59 126 173 41 30 143 100 146 233 99 105 146 216 208 249 100 27 36 241 209 188 148 48 250 49 68 43 181 61 90 226 149 35 11 117 180 49 150 62 252 170 168 112 142 76 138 206 39 71 29 170 13 111 83 203 156 173 130 78 154 139 52 43 152 80 151 102 75 11 152 95 143 250 117 70 175 20 4 97 141 183 129 206 87 35 10 200 127 196 79 74 252 87 128 91 50 2 240 74 58 209 12 152 104 67 219 231 3 52 154 8 132 219 208 70 133 47 76 244 243 129 54 24 145 80 194 226 242 105 117 94 159 199 231 246 49 50 151 206 191 8 228 174 115 17 2 230 151 10 14 127 11 28 70 189 164 182 73 54 62 32 1 85 214 128 243 13 235 111 37 163 68 49 150 91 94 126 239 229 59 75 39 143 203 174 52 243 90 157 65 111 211 26 202 203 106 185 119 74 98 163 68 128 77 217 224 123 55 186 94 74 38 39 141 29 85 60 223 163 211 59 38 204 158 201 152 199 140 131 0 57 134 221 121 136 221 7 107 60 10 11 226 204 217 186 217 194 92 87 189 155 213 233 4 183 7 196 150 219 189 67 39 128 47 78 96 181 30 207 6 194 66 104 129 21 220 46 143 78 203 18 185 50 52 170 14 131 186 172 86 128 228 144 133 211 45 198 58 83 208 28 52 41 221 202 116 29 107 102 181 2 3 206 142 53 39 85 170 168 25 3 103 252 158 104 109 52 157 51 93 49 93 51 177 81 83 183 169 215 116 4 58 67 38 153 169 143 108 19 109 17 76 60 190 244 24 16 33 35 164 215 164 247 164 51 10 33 29 23 81 114 20 93 222 206 112 119 184 55 204 132 223 240 110 233 28 213 61 170 119 20 51 234 141 107 17 92 3 32 163 48 207 163 48 239 7 23 13 0 125 97 195 194 117 13 96 15 75 12 177 161 40 58 40 229 119 0 199 164 150 10 140 74 1 58 144 67 253 160 27 130 243 6 92 228 90 234 34 31 54 252 168 221 39 167 150 223 58 160 60 106 241 165 124 229 50 29 190 153 235 65 7 25 158 26 50 195 209 59 186 30 212 113 158 15 9 230 163 178 29 225 185 248 159 15 76 127 11 55 248 170 71 39 81 126 81 88 153 188 219 232 140 77 74 42 102 228 197 220 89 85 249 64 129 55 48 86 132 221 118 173 137 84 86 202 43 207 37 125 17 154 3 162 213 226 37 27 7 220 90 99 60 158 21 96 239 202 49 75 126 54 200 84 35 181 176 70 38 84 40 122 0 200 0 115 5 85 18 249 55 240 22 249 27 166 55 144 230 136 134 212 104 122 64 105 161 176 48 15 19 218 117 137 196 40 19 2 23 255 127 60 107 1 254 145 222 158 222 60 248 241 194 220 28 103 176 112 54 247 246 87 199 92 58 160 159 236 12 182 61 207 234 139 83 236 88 10 241 145 183 152 51 40 142 167 137 227 67 218 66 45 217 239 221 63 154 40 210 25 198 63 169 240 67 153 255 67 181 90 198 199 41 199 149 77 202 206 182 150 137 98 110 110 36 98 183 91 234 172 192 112 199 87 41 194 121 204 248 42 160 53 251 41 253 22 157 253 136 157 128 239 207 14 214 59 184 134 174 184 175 1 166 129 115 40 229 43 162 206 33 185 232 206 131 184 125 196 23 137 69 14 69 18 145 243 17 190 53 210 21 33 177 72 77 164 39 194 68 232 119 61 225 45 186 92 111 110 52 183 36 247 72 238 185 220 139 185 124 103 110 119 46 41 201 109 204 237 205 101 114 83 183 207 235 205 187 146 119 45 143 213 229 121 243 170 243 26 243 186 243 184 60 184 253 179 85 72 60 36 18 17 46 58 54 126 75 217 25 16 2 113 122 203 146 170 214 170 158 170 79 170 88 112 5 67 227 72 213 197 170 161 42 153 80 85 3 29 166 138 2 117 26 5 170 20 232 4 181 26 26 208 25 164 7 169 3 77 106 10 75 159 111 132 192 136 143 225 58 205 50 0 62 71 177 109 56 6 3 30 96 106 146 165 142 195 38 240 183 112 137 106 127 96 113 252 7 191 151 198 190 179 146 161 240 29 88 109 225 167 237 159 191 104 107 90 217 143 22 117 137 51 205 174 49 209 100 102 180 56 182 108 86 201 50 119 36 59 87 76 6 64 15 88 52 115 101 209 12 163 179 40 150 204 168 202 136 140 158 206 60 165 95 209 184 118 222 178 245 107 86 79 91 242 104 50 154 165 163 241 215 12 252 250 242 117 101 19 235 39 38 215 100 130 100 200 240 226 196 221 183 79 94 182 43 185 59 34 152 105 159 44 203 207 227 1 51 202 128 111 156 102 158 3 217 251 182 152 177 203 254 176 157 56 69 153 211 35 103 2 206 15 101 188 36 131 101 233 194 77 225 203 72 210 151 174 141 74 245 141 16 166 203 0 226 247 12 236 75 141 194 169 111 68 48 149 206 94 20 130 49 141 119 203 127 136 222 228 186 54 73 228 10 253 131 84 254 74 41 29 64 220 55 157 58 0 112 208 211 135 101 175 131 87 56 120 27 149 188 118 155 93 238 76 201 94 16 175 35 70 179 203 205 114 110 214 185 137 115 113 32 122 33 94 42 137 94 56 11 146 55 181 62 255 33 121 169 50 245 31 171 19 193 101 120 140 81 81 242 204 234 134 173 211 114 11 75 147 134 104 233 232 140 177 235 218 246 69 11 39 37 133 73 163 242 39 77 136 49 79 25 231 118 44 91 54 229 209 197 201 177 249 64 241 89 89 248 222 59 75 230 61 123 95 242 49 218 205 240 144 134 226 137 32 100 43 192 146 57 11 150 140 26 124 20 59 197 76 136 191 138 14 204 219 240 56 185 102 21 226 141 171 120 149 165 67 100 90 153 30 216 111 114 137 225 68 6 118 186 246 48 132 233 35 21 167 132 14 164 196 202 22 187 240 121 219 0 53 93 82 58 98 202 86 193 54 46 100 146 89 154 49 236 98 108 70 54 12 45 173 26 90 102 214 216 140 244 10 56 88 137 166 25 235 84 112 160 17 139 84 224 98 27 162 81 11 156 135 168 250 8 41 91 160 135 91 191 165 29 226 193 231 49 94 255 187 219 158 29 76 158 105 237 233 110 219 112 111 55 243 114 242 218 149 71 126 191 21 155 254 240 30 54 85 253 234 221 43 191 249 205 223 126 255 2 204 108 66 178 147 29 11 28 37 13 48 231 11 49 236 20 185 128 19 20 137 136 156 8 153 129 86 142 247 215 165 109 67 178 204 86 141 138 242 16 45 33 33 79 78 135 226 44 108 203 246 128 199 202 126 66 127 40 180 197 70 233 214 15 200 17 68 144 64 212 226 97 82 57 68 77 144 26 116 201 115 213 243 9 164 180 64 58 17 56 207 20 224 56 43 2 199 250 235 84 95 163 98 65 162 224 235 52 111 5 136 85 162 84 73 52 67 104 103 216 215 226 201 138 202 212 124 80 5 209 156 168 44 167 25 103 169 225 144 43 7 167 75 182 50 115 196 48 190 169 185 9 225 12 173 46 172 203 220 196 102 104 67 155 32 231 224 38 242 72 254 152 244 32 195 6 153 192 38 46 157 133 179 35 90 29 152 55 55 241 106 216 27 251 111 236 57 20 46 224 134 225 155 242 204 172 178 176 21 251 231 53 29 89 179 163 229 192 220 123 198 152 157 177 138 164 166 34 22 43 109 38 51 214 236 187 175 109 101 209 148 187 152 51 43 22 173 93 208 209 223 253 65 207 166 121 245 201 237 217 6 91 85 85 200 203 188 83 81 196 148 77 125 227 194 171 231 103 174 190 244 14 216 134 4 173 130 53 168 133 53 240 66 254 246 151 226 184 78 87 167 159 116 90 59 131 164 213 209 234 108 77 99 58 109 157 233 196 35 134 44 99 229 200 232 11 41 181 117 26 109 168 213 162 130 20 3 95 171 155 103 100 4 194 51 40 139 211 82 50 53 32 21 48 119 166 155 51 116 101 109 225 168 25 109 11 116 248 236 53 118 18 181 151 216 27 237 93 246 107 118 174 209 222 11 156 159 186 39 114 37 62 58 0 132 11 137 2 41 210 189 3 150 194 6 158 175 1 168 97 57 32 118 13 198 141 132 175 25 145 28 107 48 59 228 12 5 173 129 57 40 199 147 5 49 78 228 119 65 59 221 22 154 131 32 166 50 7 167 57 224 32 161 42 85 169 111 46 141 33 156 105 50 103 4 51 77 161 207 216 176 57 235 51 108 50 222 84 170 27 32 225 0 108 163 49 214 239 164 224 128 16 31 198 110 137 53 135 135 87 128 70 226 192 230 153 156 63 49 224 50 187 138 51 146 230 210 226 60 240 148 29 254 104 211 203 45 53 61 191 93 177 103 207 173 101 27 74 139 55 49 105 179 203 245 29 187 110 220 86 96 176 87 85 229 230 225 37 179 102 97 227 235 123 255 118 123 57 126 229 205 183 95 152 253 84 247 19 207 192 223 36 96 52 26 108 243 149 0 255 8 250 95 49 118 171 109 163 237 9 219 41 219 5 219 91 182 63 219 62 183 201 57 187 217 254 178 253 77 59 91 104 169 132 253 122 34 103 34 94 85 68 18 177 94 21 86 81 131 61 87 223 207 241 105 222 58 159 254 182 70 109 139 182 83 219 173 237 213 94 211 14 105 121 157 214 171 141 106 171 97 224 136 246 156 246 138 86 238 213 98 45 24 240 162 178 73 222 42 63 39 191 8 59 150 169 141 106 14 121 33 5 129 56 183 68 246 164 237 169 9 97 20 58 18 34 33 42 232 192 112 111 91 215 223 63 80 20 165 169 77 13 212 167 59 128 162 146 186 212 144 114 75 130 12 163 232 109 51 219 25 214 102 183 218 45 118 70 102 103 76 159 113 102 214 241 217 77 52 167 138 108 27 164 210 13 219 47 223 113 168 73 97 24 153 27 255 187 237 50 26 207 40 220 223 58 109 254 132 220 156 49 130 206 8 17 232 112 113 108 220 198 193 51 13 209 216 184 194 153 32 178 146 219 207 158 111 152 94 82 89 156 239 119 59 56 93 172 108 195 179 107 94 77 75 135 252 47 7 169 45 135 77 21 24 181 1 239 92 200 156 5 137 178 70 124 58 28 24 19 136 171 171 2 119 107 118 132 246 171 31 10 190 173 86 200 85 248 86 188 17 127 145 205 164 251 253 59 84 10 147 74 165 200 142 230 170 252 233 76 68 49 94 17 87 220 173 120 88 241 3 197 81 197 75 138 183 20 127 85 124 169 80 201 20 22 197 14 197 123 10 22 162 249 12 170 137 54 69 91 163 137 232 249 232 165 232 39 81 30 194 131 81 49 154 26 236 146 6 21 2 116 123 224 44 27 253 42 55 71 153 171 220 97 122 200 68 76 182 78 235 21 43 169 182 54 90 91 172 157 214 110 232 12 89 121 47 116 123 161 201 66 190 217 71 162 197 226 92 101 48 203 12 188 69 198 172 202 130 231 242 167 179 50 15 88 26 6 209 216 107 61 98 61 7 41 106 87 32 73 77 166 131 60 146 223 128 13 102 22 53 173 225 243 225 75 97 198 27 46 9 147 240 89 98 65 244 111 55 12 199 162 221 224 218 49 139 30 65 11 166 133 168 173 209 126 162 101 145 86 208 250 180 49 169 219 164 237 210 202 181 167 201 157 148 53 182 53 172 3 167 1 213 151 7 64 183 145 20 21 106 179 148 148 128 218 66 69 72 113 81 3 180 165 22 229 155 109 13 146 70 61 18 246 4 253 82 74 152 164 198 9 168 198 185 56 156 59 236 235 179 126 43 128 73 67 222 212 136 165 89 231 16 194 100 142 79 252 65 199 154 13 145 105 189 251 55 149 85 212 31 218 178 188 52 211 81 150 253 208 218 198 213 121 163 186 31 207 155 57 239 197 135 246 108 156 82 96 194 139 126 178 189 113 74 86 137 215 227 41 109 47 191 117 246 170 91 42 147 199 238 185 163 161 108 124 56 195 234 50 122 238 152 119 251 143 23 204 198 27 96 229 243 135 62 37 215 184 48 228 43 181 136 174 125 42 80 216 77 38 182 149 145 193 254 90 65 227 131 212 49 86 243 149 162 85 80 129 7 223 112 12 44 153 179 100 49 146 65 154 155 225 120 15 108 36 232 35 139 142 201 182 152 169 142 162 71 70 1 98 75 135 140 231 141 151 140 50 163 209 233 144 166 13 89 192 16 79 2 151 22 21 169 144 237 4 172 10 160 33 169 116 249 122 191 25 82 44 192 151 14 153 204 148 141 64 128 45 80 0 150 26 46 42 199 209 228 235 83 139 202 155 228 101 178 71 183 182 223 121 184 101 220 28 46 156 252 222 130 193 39 166 207 218 122 239 217 147 157 183 146 13 149 198 169 45 48 131 177 224 37 254 169 36 29 47 139 145 157 228 33 160 80 145 181 57 228 102 86 85 171 238 212 104 144 169 211 80 103 84 130 144 236 68 50 246 67 155 210 100 210 154 205 60 36 106 219 79 104 117 18 119 176 31 227 183 0 197 151 31 195 91 32 196 12 50 82 116 213 184 46 185 174 186 32 185 183 198 213 228 106 117 117 185 14 65 247 19 151 92 112 245 184 136 66 112 225 34 215 105 252 7 154 90 52 44 35 41 123 6 189 10 38 7 159 148 245 10 27 38 192 118 2 55 84 138 51 11 118 136 53 48 118 60 7 65 208 193 193 2 47 166 220 117 68 167 178 88 57 153 204 194 126 198 114 86 254 51 108 49 223 20 139 13 52 217 104 216 85 17 46 24 118 15 115 146 123 88 10 73 82 91 11 223 181 126 126 235 193 138 197 120 74 113 225 248 228 203 166 217 79 215 117 206 169 139 120 26 152 51 131 247 175 187 253 228 46 220 24 43 96 42 245 55 134 10 138 202 228 167 155 151 212 206 126 21 239 43 116 129 37 5 16 116 64 68 173 144 121 10 112 224 111 162 105 178 105 190 105 147 113 7 191 203 188 223 124 202 252 10 47 23 229 144 56 183 83 156 35 55 155 124 188 197 108 222 33 231 77 114 200 226 54 154 76 27 228 10 104 42 44 188 145 145 203 65 211 81 105 224 95 76 116 58 114 192 126 0 129 243 31 201 20 70 173 206 194 203 24 64 225 12 249 88 249 82 249 46 249 126 57 119 5 124 199 240 183 46 192 106 9 64 189 237 20 77 140 62 175 99 32 245 176 85 84 199 96 115 121 15 78 64 64 131 131 64 70 139 104 68 176 119 29 254 223 5 177 2 36 11 245 128 235 177 219 33 92 7 109 22 66 149 169 48 101 91 131 180 17 129 74 64 72 158 163 94 36 234 40 5 3 2 22 34 181 23 65 50 86 105 148 146 54 104 246 28 232 102 144 111 9 169 92 38 171 83 178 87 33 212 11 41 229 152 134 39 195 176 233 119 65 190 242 203 63 113 61 248 174 241 149 198 228 147 133 201 30 83 209 4 230 169 114 226 118 90 44 131 111 17 155 86 59 197 80 94 46 27 157 125 227 3 102 84 118 0 83 30 90 0 209 110 30 160 152 141 247 137 75 102 129 34 214 24 156 23 122 192 202 41 84 85 22 34 250 230 42 231 134 235 50 150 43 151 135 55 41 91 115 187 114 223 178 40 233 69 13 193 185 161 134 140 134 204 135 85 247 89 30 13 30 204 56 152 169 10 133 194 202 160 82 17 84 97 57 169 195 58 139 80 167 243 6 124 117 94 148 153 93 135 180 42 77 157 214 99 115 215 121 68 72 103 60 110 13 166 251 104 90 227 74 69 6 196 192 97 115 113 120 131 66 105 82 40 148 153 25 25 59 20 114 104 201 85 193 224 14 171 197 100 181 90 2 233 233 27 172 54 104 217 2 176 239 152 238 54 206 12 41 131 192 36 116 58 48 162 33 169 63 152 158 158 145 17 86 201 97 155 50 139 130 112 69 136 83 164 7 108 140 213 234 13 197 20 147 192 81 165 64 240 23 60 145 227 71 192 179 211 71 44 162 203 215 5 51 135 109 59 34 234 130 101 226 122 209 21 68 20 94 216 155 78 138 208 105 60 17 229 140 208 135 195 14 203 5 11 34 229 5 89 105 162 99 106 239 200 112 72 57 21 90 22 70 114 29 191 19 86 190 25 95 150 26 114 186 163 36 226 128 188 17 200 26 57 255 127 62 238 164 23 203 33 137 15 210 169 219 208 186 225 20 91 186 230 144 33 50 28 221 31 198 0 32 162 17 20 96 36 44 40 192 7 10 51 210 148 191 61 21 26 55 5 191 20 26 29 86 252 238 41 253 232 201 120 77 121 165 45 249 201 184 228 151 31 141 75 38 132 12 48 79 42 236 102 139 125 240 99 252 101 77 184 162 194 105 51 216 160 253 86 212 15 178 177 162 66 85 50 105 80 69 238 29 108 97 138 195 176 137 9 252 175 224 55 167 180 22 67 253 162 88 151 213 161 32 176 195 77 70 54 147 125 230 11 50 6 150 43 59 146 157 19 81 154 45 22 83 54 108 52 205 254 56 181 136 38 139 165 61 162 52 69 34 202 28 185 210 4 66 53 18 65 118 88 138 87 197 156 140 38 187 206 160 139 9 177 90 166 22 201 186 210 122 210 72 218 109 46 23 26 101 82 170 24 65 47 207 129 156 75 25 68 216 205 176 120 144 245 190 236 20 100 37 235 123 245 12 120 211 67 39 241 239 41 234 158 38 107 165 205 82 148 87 211 68 84 160 39 234 43 151 138 181 136 58 206 163 3 52 139 71 202 208 134 109 41 116 96 132 182 104 2 64 106 159 15 202 205 165 142 160 157 242 97 152 3 200 71 210 121 77 86 108 164 17 26 10 100 25 79 195 214 148 219 15 239 149 227 129 85 228 231 193 78 43 74 124 185 248 231 89 227 35 50 204 189 96 30 87 135 119 180 133 147 143 215 215 207 187 53 62 127 108 86 104 52 203 122 253 179 38 207 75 30 52 22 141 1 114 244 186 53 154 193 215 240 155 121 177 96 166 172 188 92 53 239 198 239 127 125 203 244 153 197 57 227 242 2 42 163 142 183 197 86 158 36 95 103 132 169 237 189 24 244 199 189 0 119 3 122 87 172 226 65 157 129 255 38 120 130 48 86 102 12 83 197 212 49 27 153 125 204 65 217 3 186 39 152 167 212 111 147 183 152 183 213 26 158 81 192 230 57 224 216 59 84 106 208 119 212 72 94 3 234 96 23 40 131 95 41 105 60 22 246 106 128 250 17 133 32 149 102 21 134 253 123 236 42 37 0 92 77 88 8 247 241 171 228 221 24 233 87 25 186 15 1 43 35 62 41 60 203 140 196 102 211 70 210 241 106 148 135 148 50 4 201 195 173 202 46 101 143 242 170 242 19 37 95 3 13 162 164 106 191 49 165 246 3 234 94 135 204 29 40 82 34 6 8 208 34 90 32 71 3 62 64 18 17 200 8 6 12 135 52 171 134 54 192 112 12 177 176 49 116 171 5 8 84 96 105 129 125 228 195 193 227 216 219 220 225 43 179 220 248 136 76 251 215 244 91 198 218 166 50 79 21 223 120 255 246 39 147 247 86 48 238 72 243 102 106 225 196 153 147 12 225 254 1 251 35 195 168 85 12 178 68 102 33 1 157 179 83 247 102 167 28 119 203 123 225 95 123 30 50 33 198 100 182 109 14 81 231 100 151 239 50 248 251 107 32 32 139 48 187 57 181 127 82 125 185 218 208 40 197 170 175 24 56 186 175 229 10 196 238 207 128 115 23 60 63 31 181 9 192 0 132 207 135 27 224 88 188 222 0 206 71 41 1 169 1 91 41 51 206 151 130 157 35 193 170 224 127 25 195 85 190 230 6 155 210 38 100 151 148 101 139 139 201 67 254 230 6 171 210 174 203 41 41 143 76 90 196 253 35 171 106 111 126 26 248 213 98 5 241 53 117 175 63 241 221 46 157 165 134 57 66 94 130 252 59 19 228 133 223 37 250 61 157 114 115 39 194 116 51 40 65 15 201 131 242 55 5 6 168 217 158 17 181 96 75 87 198 229 52 58 195 209 70 152 33 107 148 118 136 26 47 235 52 213 154 22 77 183 230 138 134 43 129 102 35 116 58 161 219 11 14 197 115 154 139 48 124 77 51 164 209 104 78 147 149 52 209 251 155 221 162 224 203 150 246 82 74 81 118 80 11 26 26 96 35 4 221 61 74 173 165 127 219 62 106 253 111 131 57 48 117 149 90 154 44 157 123 47 116 213 234 155 160 96 142 228 84 237 201 211 235 137 108 82 110 254 212 213 181 151 30 135 254 40 3 244 197 40 237 191 78 9 189 132 57 130 231 195 236 205 104 146 24 249 102 222 10 152 245 183 167 56 50 65 150 78 143 104 206 88 190 61 15 112 26 245 55 72 219 94 255 203 131 203 26 83 15 105 211 167 22 104 253 191 63 214 210 83 144 176 7 176 150 94 67 249 240 175 57 255 237 5 30 118 76 32 107 137 5 37 64 6 114 89 14 137 68 74 172 146 254 167 68 139 117 144 229 64 255 143 198 136 77 240 239 45 22 12 153 144 216 142 29 216 137 93 240 127 50 30 236 197 62 236 199 105 32 205 211 113 16 135 224 31 77 50 224 159 107 178 32 130 148 13 255 145 147 139 163 144 51 49 138 254 147 13 183 190 117 81 243 82 174 185 101 205 154 69 178 214 165 235 86 180 44 81 172 95 186 102 69 115 203 234 150 181 242 182 13 75 215 183 175 104 89 139 39 129 155 170 28 87 224 74 60 25 79 193 211 240 45 240 223 40 213 144 117 49 3 207 130 188 239 90 248 223 152 69 120 49 110 134 255 74 89 10 206 236 91 225 255 113 86 224 149 120 21 94 141 215 224 181 240 239 41 173 16 155 93 135 215 227 118 188 1 119 128 25 181 25 111 81 183 109 104 105 95 186 100 241 234 213 75 151 181 107 70 58 235 86 220 186 188 93 41 245 164 38 128 6 3 199 2 9 11 47 25 248 181 80 221 188 121 179 102 205 139 148 45 93 219 190 97 221 230 89 205 203 91 90 86 47 110 105 89 133 208 255 7 173 248 119 247 10 101 110 100 115 116 114 101 97 109 10 101 110 100 111 98 106 10 51 48 32 48 32 111 98 106 10 49 53 56 56 54 10 101 110 100 111 98 106 10 49 48 32 48 32 111 98 106 10 60 60 32 47 84 121 112 101 32 47 70 111 110 116 32 47 83 117 98 116 121 112 101 32 47 84 114 117 101 84 121 112 101 32 47 66 97 115 101 70 111 110 116 32 47 84 73 68 89 70 78 43 67 101 110 116 117 114 121 83 99 104 111 111 108 98 111 111 107 45 66 111 108 100 10 47 70 111 110 116 68 101 115 99 114 105 112 116 111 114 32 51 49 32 48 32 82 32 47 69 110 99 111 100 105 110 103 32 47 77 97 99 82 111 109 97 110 69 110 99 111 100 105 110 103 32 47 70 105 114 115 116 67 104 97 114 32 51 50 32 47 76 97 115 116 67 104 97 114 10 49 49 50 32 47 87 105 100 116 104 115 32 91 32 50 56 55 32 48 32 48 32 48 32 48 32 48 32 48 32 48 32 48 32 48 32 48 32 48 32 48 32 48 32 48 32 48 32 48 32 48 32 48 32 48 32 48 32 48 32 48 32 48 32 48 32 48 32 48 32 48 32 48 10 48 32 48 32 48 32 48 32 48 32 48 32 48 32 56 51 51 32 48 32 55 50 50 32 48 32 48 32 48 32 48 32 48 32 48 32 48 32 48 32 48 32 55 53 57 32 48 32 48 32 54 54 55 32 48 32 48 32 48 32 48 32 48 32 48 32 48 32 48 32 48 32 48 10 48 32 48 32 48 32 54 49 49 32 48 32 48 32 48 32 53 55 52 32 48 32 48 32 48 32 48 32 48 32 48 32 51 53 50 32 57 54 51 32 48 32 48 32 54 54 55 32 93 32 62 62 10 101 110 100 111 98 106 10 51 49 32 48 32 111 98 106 10 60 60 32 47 84 121 112 101 32 47 70 111 110 116 68 101 115 99 114 105 112 116 111 114 32 47 70 111 110 116 78 97 109 101 32 47 84 73 68 89 70 78 43 67 101 110 116 117 114 121 83 99 104 111 111 108 98 111 111 107 45 66 111 108 100 32 47 70 108 97 103 115 32 51 50 10 47 70 111 110 116 66 66 111 120 32 91 45 49 55 55 32 45 51 49 57 32 49 51 56 56 32 49 49 51 55 93 32 47 73 116 97 108 105 99 65 110 103 108 101 32 48 32 47 65 115 99 101 110 116 32 57 56 54 32 47 68 101 115 99 101 110 116 32 45 50 49 54 32 47 67 97 112 72 101 105 103 104 116 10 55 51 57 32 47 83 116 101 109 86 32 48 32 47 88 72 101 105 103 104 116 32 52 55 55 32 47 65 118 103 87 105 100 116 104 32 53 50 52 32 47 77 97 120 87 105 100 116 104 32 49 52 50 54 32 47 70 111 110 116 70 105 108 101 50 32 51 50 32 48 32 82 32 62 62 10 101 110 100 111 98 106 10 51 50 32 48 32 111 98 106 10 60 60 32 47 76 101 110 103 116 104 32 51 51 32 48 32 82 32 47 76 101 110 103 116 104 49 32 55 56 49 54 32 47 70 105 108 116 101 114 32 47 70 108 97 116 101 68 101 99 111 100 101 32 62 62 10 115 116 114 101 97 109 10 120 1 165 89 11 92 20 215 185 255 206 153 153 157 97 97 95 176 203 34 44 236 44 3 11 178 187 176 130 162 40 145 81 1 65 106 93 159 128 186 186 139 130 136 202 75 52 177 73 195 170 164 90 124 145 120 243 50 105 98 205 179 105 26 23 53 41 166 38 146 152 196 180 121 104 210 60 154 106 110 184 9 77 114 251 147 196 107 77 250 107 149 221 251 205 14 154 216 246 222 223 239 254 238 28 206 249 159 243 125 103 206 206 247 56 223 121 208 213 185 169 17 18 32 4 12 200 171 54 4 219 33 246 24 215 35 60 191 106 115 151 168 182 53 79 3 112 198 166 246 53 27 212 118 252 9 0 118 235 154 245 91 154 212 182 73 6 72 120 189 185 49 184 90 109 195 85 196 226 102 36 168 109 50 17 49 171 121 67 215 45 106 219 40 35 186 215 183 173 26 227 155 114 177 157 178 33 120 203 216 239 195 121 108 139 173 193 13 141 136 248 100 212 97 225 109 111 219 216 21 107 66 134 128 232 107 239 108 28 235 79 144 207 45 2 152 246 71 149 175 148 122 0 130 16 15 151 160 20 54 2 7 20 140 96 134 105 0 244 12 246 101 144 171 240 233 164 83 147 237 111 164 173 52 148 126 3 105 202 176 0 143 77 57 94 172 224 145 47 79 135 35 247 140 110 140 79 139 75 193 190 241 177 254 10 3 223 227 63 139 84 224 224 205 145 123 34 247 196 167 93 231 40 92 229 137 63 14 34 225 228 100 114 235 178 66 251 218 96 161 253 110 196 102 204 161 61 125 123 232 0 237 57 210 178 218 254 2 253 9 221 14 201 96 167 219 232 246 231 76 246 147 173 133 246 130 25 9 68 11 43 49 183 97 62 140 249 36 102 14 254 64 102 29 121 221 126 255 64 12 66 216 169 22 127 51 132 101 31 102 138 181 197 64 72 21 121 1 59 13 188 64 14 161 32 118 50 13 86 8 112 204 190 162 22 105 228 208 49 132 147 77 3 2 200 231 237 77 173 175 219 229 110 34 31 36 237 93 161 46 122 182 123 168 251 98 55 19 56 209 126 34 116 130 57 120 34 124 98 240 196 217 19 67 39 184 144 62 100 160 101 236 60 182 141 237 102 247 177 15 179 154 50 110 30 215 198 117 115 251 184 135 57 205 60 152 71 168 65 99 224 99 69 129 166 128 47 211 148 241 43 53 43 121 193 78 237 204 60 58 143 217 71 247 49 39 233 73 70 88 27 124 221 238 107 9 180 180 183 48 161 150 190 22 26 10 246 5 105 32 216 30 164 190 157 129 157 237 59 153 208 206 190 157 212 119 40 112 168 253 16 19 58 212 119 136 202 123 125 123 3 123 219 247 178 161 189 125 123 135 246 50 190 214 64 107 123 43 19 106 237 107 165 112 201 120 73 188 228 189 36 95 226 66 181 4 42 43 81 231 137 38 65 174 18 7 200 103 71 170 10 17 62 85 225 19 21 206 169 240 158 10 191 87 225 93 21 222 81 225 109 21 222 84 225 117 21 94 82 161 69 133 181 42 52 171 176 70 133 213 42 172 82 97 133 10 203 85 168 85 97 137 10 139 85 88 164 194 66 21 230 171 160 85 33 78 5 141 10 140 10 68 5 144 107 81 178 8 230 171 152 175 96 254 4 243 121 204 131 152 79 98 126 17 243 33 204 15 98 222 139 121 15 230 221 152 119 98 222 129 121 43 230 86 204 45 152 215 98 110 194 28 196 60 64 206 171 63 241 71 21 62 84 225 3 21 222 80 225 53 21 94 85 97 80 133 23 85 88 167 66 147 10 65 21 234 84 240 169 32 168 192 203 11 241 7 63 198 188 173 170 48 45 46 45 174 239 63 248 190 126 190 239 0 223 183 143 239 11 241 125 141 124 95 3 223 231 231 251 234 249 190 37 124 150 144 41 136 66 134 96 19 82 133 20 33 89 48 11 137 130 81 208 11 9 130 86 16 4 141 192 10 84 0 1 72 56 137 169 161 53 11 103 146 154 240 224 42 168 105 16 195 223 46 148 6 136 118 254 210 48 39 205 36 225 196 26 168 89 52 51 37 60 197 85 131 83 96 65 120 178 171 38 28 231 91 86 215 79 200 222 250 48 221 57 64 96 81 221 0 63 168 180 239 72 11 39 206 170 59 142 19 170 248 142 61 105 10 70 239 216 83 95 15 201 174 127 126 82 190 35 145 26 223 150 147 56 237 94 1 30 203 254 88 201 30 229 237 155 120 165 79 205 66 100 246 197 152 125 49 102 31 65 102 159 202 76 33 71 124 80 89 19 220 21 72 135 239 6 188 86 35 215 42 255 39 36 21 107 21 117 248 234 250 5 152 89 63 107 185 138 71 105 188 22 133 11 164 57 234 103 38 27 219 167 199 36 157 230 72 185 61 237 121 22 200 147 16 239 170 15 39 72 51 195 58 204 138 18 60 51 60 51 20 22 139 49 13 89 122 36 27 198 88 41 183 79 115 164 61 79 158 28 99 25 145 108 66 85 67 87 23 217 216 165 166 174 141 27 187 92 128 197 70 37 99 66 222 152 16 10 199 181 81 105 168 5 132 105 69 243 0 149 43 154 195 242 174 64 88 148 202 195 26 133 48 99 140 144 41 149 115 167 33 59 150 119 64 60 243 36 100 3 68 207 93 203 145 219 162 151 145 151 19 217 31 189 192 220 129 171 193 72 44 14 223 88 40 171 197 49 149 20 253 31 158 107 47 68 31 186 86 251 71 84 95 84 168 164 232 31 121 215 219 126 184 31 252 176 140 228 65 29 44 197 48 94 1 107 225 62 56 71 4 170 129 41 112 2 94 38 18 124 12 127 131 81 28 131 197 149 165 142 76 193 120 62 29 202 177 255 114 8 32 247 167 240 10 36 130 29 150 64 45 142 180 2 154 97 23 124 69 106 113 165 123 28 238 194 209 127 70 24 92 24 150 194 33 56 70 18 200 52 178 154 12 66 42 20 64 33 204 128 31 66 19 172 131 219 97 7 236 135 231 225 5 66 137 59 122 10 234 161 5 23 147 66 182 138 93 129 11 202 4 40 193 181 112 26 220 4 139 97 55 60 2 71 241 171 222 160 119 210 247 112 65 202 132 28 168 193 222 45 176 15 30 128 199 48 61 15 239 144 28 50 155 188 73 222 165 165 204 19 236 20 54 24 125 10 28 216 51 27 242 97 54 126 227 82 252 238 6 232 130 155 225 39 248 171 143 195 51 208 15 191 129 55 81 202 63 195 55 68 75 210 136 131 76 32 59 200 16 249 156 124 67 245 52 155 22 210 71 232 51 52 204 220 195 188 130 139 181 34 249 42 124 251 86 232 129 157 112 15 254 110 24 71 120 1 126 11 239 224 110 224 207 112 1 254 10 17 148 217 74 210 49 101 146 18 34 147 249 100 23 121 141 188 79 129 230 208 133 116 17 142 247 43 230 56 243 50 19 101 181 108 42 231 224 126 198 61 172 201 31 189 20 109 138 222 17 237 141 62 26 253 34 250 103 180 16 197 253 142 1 68 76 78 152 136 105 10 238 15 42 98 105 46 44 128 133 248 21 74 106 198 180 22 53 176 14 58 160 19 182 192 118 76 202 151 61 0 15 194 207 225 73 248 5 60 139 242 157 132 65 56 5 175 195 27 152 222 132 63 192 71 112 14 191 246 2 92 68 219 254 13 174 18 59 201 34 185 100 34 153 132 105 50 126 113 37 153 75 22 144 69 100 41 105 32 171 72 43 185 159 252 154 188 68 62 165 28 106 100 60 45 160 147 232 10 186 146 118 210 237 244 113 250 36 125 153 73 101 90 152 251 152 3 204 99 204 215 40 211 2 118 5 187 142 237 98 183 178 191 96 95 226 234 185 229 184 8 127 170 185 233 170 38 114 37 234 136 250 162 91 163 15 69 207 68 47 163 124 58 180 98 54 184 192 141 30 49 1 138 97 42 84 129 47 102 161 213 208 136 105 77 76 190 86 148 109 35 252 24 61 101 27 202 166 72 215 139 158 117 0 101 60 136 50 62 138 118 15 163 124 175 192 171 104 133 51 240 123 248 0 229 27 134 207 225 75 148 240 91 194 17 13 17 72 60 122 95 2 209 17 39 38 23 113 147 66 244 197 26 178 152 44 143 165 70 178 25 109 212 71 238 36 119 145 39 200 47 201 179 228 57 242 2 121 151 252 7 249 138 68 72 20 45 71 81 246 52 76 89 232 15 83 105 25 157 73 43 233 60 58 159 6 104 19 109 198 141 209 61 244 94 250 40 253 29 125 155 126 68 207 209 33 122 145 254 149 254 141 145 24 55 51 149 153 206 148 49 1 166 129 105 98 110 97 110 99 158 96 62 96 46 48 127 71 235 3 155 194 166 178 121 232 165 139 216 127 99 195 108 132 3 46 200 173 227 54 114 93 220 237 220 94 238 52 166 247 81 115 58 141 81 51 85 211 160 217 175 185 202 103 242 53 252 3 252 163 252 121 92 78 36 33 64 146 201 12 98 186 62 159 213 10 75 88 166 0 165 16 224 20 209 147 173 56 99 122 192 139 254 252 62 246 222 68 158 129 118 216 73 199 129 7 30 130 191 144 199 80 179 65 134 33 189 228 102 120 147 189 27 250 105 51 19 36 43 113 182 126 200 6 216 20 244 192 55 200 155 84 79 158 36 127 97 238 34 55 211 10 246 105 146 175 185 9 78 81 45 243 46 51 17 190 128 31 210 87 153 125 220 237 36 19 45 244 123 184 27 103 215 95 9 135 8 168 243 183 209 126 69 114 201 212 146 41 147 39 22 21 78 240 22 228 123 220 174 188 241 185 57 206 236 44 41 211 33 218 51 210 109 105 169 227 82 172 201 22 115 82 162 201 104 208 235 18 226 181 113 2 175 225 88 134 18 112 87 72 149 1 49 236 12 132 89 167 84 85 229 81 218 82 16 9 193 239 17 48 10 35 169 242 198 62 97 81 121 47 136 172 27 122 202 216 179 233 31 122 202 106 79 249 122 79 98 20 75 161 212 227 22 43 36 49 252 86 185 132 251 142 165 243 235 176 190 167 92 170 23 195 35 177 250 220 88 157 117 198 26 58 108 56 28 248 134 88 145 210 92 46 134 73 64 172 8 87 110 110 238 173 8 148 123 220 164 63 94 59 75 154 213 168 245 184 161 95 27 143 213 120 172 133 43 165 246 126 82 57 157 196 42 180 178 98 106 63 5 65 135 50 134 231 72 229 21 225 106 9 95 197 97 152 236 138 224 234 176 111 126 93 69 121 154 195 81 239 113 135 201 172 85 82 67 24 148 53 206 21 235 2 179 98 63 19 214 204 10 243 177 159 17 215 134 81 28 216 37 246 187 7 123 119 15 24 161 33 224 74 88 45 173 14 46 175 11 51 65 28 163 34 108 114 133 103 227 226 53 251 71 195 41 30 247 0 121 124 81 93 56 110 86 108 123 113 28 230 68 67 253 213 161 242 242 122 229 215 112 121 221 241 253 238 105 76 111 69 202 90 81 121 187 183 119 135 24 62 56 191 238 123 131 165 57 148 33 235 235 113 80 143 187 102 65 157 3 191 90 170 216 45 42 98 44 168 139 73 128 131 146 148 2 252 112 133 166 136 169 10 220 40 85 40 148 64 139 24 142 147 102 74 205 189 45 1 52 86 106 111 24 22 108 113 28 73 157 35 31 143 14 193 156 10 177 119 81 157 228 8 151 165 73 245 193 114 91 191 25 122 23 108 57 90 45 139 213 55 114 60 238 126 163 73 213 116 191 222 48 86 73 208 125 191 210 136 86 80 121 177 90 172 187 82 195 175 190 166 106 162 124 145 84 29 150 209 199 86 137 248 37 117 82 152 102 79 81 138 198 41 208 187 106 10 90 4 159 122 130 26 93 139 250 11 244 26 167 162 116 97 46 219 40 137 189 223 0 58 130 52 114 225 70 74 112 140 162 201 54 126 3 10 83 113 151 235 46 23 38 193 107 245 176 203 21 206 203 83 60 133 159 133 166 197 47 155 30 107 79 242 184 55 135 107 164 118 163 24 174 65 149 129 175 14 95 170 159 90 128 42 119 56 20 43 239 26 144 161 1 27 225 208 252 58 181 45 66 67 218 17 144 11 112 107 68 3 10 103 240 26 199 178 88 225 132 174 113 174 191 30 144 208 157 143 197 14 140 150 176 224 188 254 103 48 38 39 85 52 79 13 147 228 255 133 221 168 242 113 250 84 136 253 44 151 221 235 171 115 6 123 119 165 57 3 189 187 235 209 171 43 113 86 247 246 86 74 98 101 111 160 55 56 16 13 53 72 162 81 234 237 175 169 233 109 175 192 217 168 138 52 16 29 220 149 22 150 119 215 55 19 84 106 184 72 213 70 56 105 86 29 147 70 21 207 196 26 77 99 176 86 179 80 170 153 191 180 78 172 232 13 140 205 145 49 138 98 159 122 15 70 69 13 74 66 127 128 248 20 204 197 253 151 95 147 8 221 220 18 88 206 126 6 141 236 125 208 76 223 129 106 254 24 228 34 173 1 187 171 103 110 188 44 192 23 241 78 1 215 224 249 49 85 96 245 255 253 80 28 129 249 23 163 224 254 20 31 238 95 112 174 145 52 99 21 254 26 33 134 2 196 197 80 59 70 117 227 106 250 52 153 78 94 166 15 50 183 178 122 182 129 187 79 179 26 48 152 42 131 227 240 12 238 248 11 94 4 150 228 32 133 199 146 208 244 35 160 101 95 36 78 165 11 150 12 53 3 20 68 254 100 252 19 148 41 229 4 175 195 228 48 101 99 65 112 23 120 85 100 6 175 202 28 92 1 145 29 196 93 202 92 212 170 178 231 53 67 22 244 202 246 202 148 37 41 52 95 200 138 175 213 154 107 211 241 208 175 21 180 102 179 163 213 48 110 239 60 142 112 3 196 42 219 86 26 218 13 212 96 144 13 33 67 159 225 19 195 69 131 70 52 120 177 201 24 254 61 219 248 173 191 163 115 212 63 98 28 41 42 40 133 178 178 145 17 227 104 233 4 239 172 45 178 152 108 163 2 239 180 102 51 217 105 206 100 97 92 3 177 81 44 82 52 150 6 72 101 211 27 112 203 62 182 107 223 186 149 248 147 28 133 108 162 197 76 89 201 49 169 168 176 120 146 105 162 211 69 72 225 116 50 201 72 157 82 166 198 98 50 39 23 205 101 108 31 145 170 231 159 138 60 243 242 213 211 183 122 242 189 37 27 232 135 63 125 111 69 219 139 3 141 69 227 61 220 233 129 200 211 239 127 28 57 254 178 127 130 155 93 234 25 255 247 191 244 126 125 5 119 19 227 110 206 244 92 249 121 161 91 241 20 63 42 237 14 148 63 23 14 203 122 94 71 12 122 34 234 247 233 31 214 51 250 1 66 229 196 248 2 83 212 68 77 67 241 181 201 201 25 224 163 132 14 144 47 228 185 132 104 106 115 81 61 169 181 246 218 12 65 111 218 96 48 26 169 149 16 102 67 25 118 121 68 74 95 19 103 109 205 88 3 107 178 100 201 39 5 164 118 41 44 13 74 103 165 33 73 16 37 175 36 35 33 132 164 33 233 162 36 72 199 73 0 198 43 154 43 29 30 30 45 29 54 162 254 74 10 76 137 37 5 165 163 168 195 145 17 252 43 53 126 229 87 40 35 195 126 227 176 191 99 130 23 58 146 28 73 82 62 238 134 20 101 20 21 38 21 153 164 124 234 34 38 179 53 121 26 177 124 79 107 126 110 156 97 105 202 175 142 157 243 186 125 95 103 215 214 178 114 199 156 70 171 195 179 251 234 127 109 207 47 156 240 131 38 238 116 132 94 120 54 55 59 98 34 182 209 197 173 221 85 163 127 114 153 211 253 254 9 217 108 139 43 19 125 164 27 117 244 91 212 81 42 238 216 251 228 233 149 148 184 132 180 218 184 184 212 4 83 173 81 200 90 151 138 138 72 211 175 209 182 90 196 189 243 112 251 242 26 172 73 182 152 140 107 236 22 209 66 69 139 215 34 91 2 150 118 203 160 101 200 194 91 142 147 63 64 174 34 236 229 82 99 233 176 226 42 163 195 40 229 232 112 217 104 169 34 96 204 89 50 210 37 202 107 156 25 217 153 206 116 94 244 19 137 98 97 231 108 126 112 48 89 254 235 174 178 117 43 196 60 197 98 214 160 163 160 75 220 40 57 41 82 28 102 98 78 204 97 186 153 134 243 36 225 129 200 149 80 228 171 252 172 167 174 94 232 113 123 242 29 123 105 202 175 3 119 151 5 103 255 114 213 36 238 244 133 95 110 59 85 23 201 200 117 251 253 238 92 118 141 211 61 218 179 96 211 246 99 115 38 57 240 234 144 192 242 232 167 236 37 60 243 21 16 73 158 229 22 12 58 93 83 174 211 156 155 235 76 201 189 37 119 103 46 147 147 219 155 123 32 247 143 185 255 153 203 105 156 155 157 52 219 89 229 124 220 249 107 231 123 206 47 157 223 58 249 92 157 211 192 218 85 200 212 226 20 30 192 113 18 12 44 57 131 58 251 60 127 92 122 170 66 112 166 127 110 229 187 242 25 123 151 53 174 30 15 7 20 180 228 40 75 41 219 201 48 153 87 218 147 66 73 244 147 36 146 52 64 122 228 44 215 184 204 212 163 233 157 182 163 59 180 228 115 45 209 94 241 186 100 151 207 117 208 197 138 46 47 86 66 46 214 117 156 252 2 188 138 190 71 80 229 163 151 77 37 232 94 29 35 183 149 20 164 160 147 25 135 77 37 126 116 177 50 156 176 10 11 251 12 39 150 16 83 162 181 4 148 194 223 225 239 216 161 207 119 233 127 108 124 101 130 55 5 167 113 134 219 35 58 204 201 66 156 197 41 120 180 7 64 76 206 60 64 226 220 252 1 226 48 219 15 0 94 44 40 179 120 43 62 100 114 81 146 228 196 141 162 198 98 206 32 214 100 107 6 177 152 121 141 148 153 195 75 166 162 68 7 206 234 137 206 28 103 78 62 157 52 49 171 168 144 249 198 63 59 110 105 101 36 242 224 29 79 204 220 63 240 225 130 109 219 246 60 117 229 139 147 155 170 107 183 147 59 31 125 206 183 40 255 185 111 222 105 32 134 225 115 220 146 158 8 57 127 238 206 198 210 213 179 157 158 172 169 39 127 250 214 143 246 255 252 46 154 21 113 221 219 49 111 157 35 49 167 120 227 19 183 252 46 170 156 194 26 209 102 47 51 231 241 196 90 74 140 178 189 70 83 110 236 74 96 248 162 18 86 107 23 243 196 42 177 78 108 19 247 137 39 69 254 35 145 40 87 84 114 95 78 81 29 152 200 74 83 155 137 126 97 186 136 147 223 148 67 180 6 60 37 23 64 25 204 3 110 30 186 194 45 19 14 106 45 203 114 74 186 181 57 188 54 30 172 120 238 162 64 140 68 36 94 194 202 196 135 123 130 118 18 34 23 241 244 66 166 243 188 167 212 84 10 233 228 34 158 42 91 198 69 148 80 64 37 169 88 87 26 244 120 139 229 98 58 88 124 182 152 22 183 20 120 66 30 90 224 41 243 200 158 0 86 15 123 206 120 190 246 8 158 1 186 94 54 121 117 178 206 167 59 168 99 69 157 87 71 117 103 111 26 51 233 72 71 167 113 68 137 12 254 17 52 158 177 84 169 154 176 213 209 89 130 225 215 136 118 197 249 213 209 105 42 81 186 116 116 98 123 172 23 134 16 127 182 85 79 164 76 103 78 172 156 52 113 114 113 54 154 68 202 228 209 98 202 158 30 109 229 84 168 69 133 138 237 148 200 82 84 136 71 18 11 134 94 52 30 123 95 222 77 193 169 75 90 220 77 135 154 246 60 116 215 38 178 187 165 190 124 162 164 179 205 153 62 211 183 118 251 169 253 157 213 203 204 102 41 61 178 239 131 123 103 203 171 182 119 85 229 137 213 141 141 213 219 86 223 187 172 170 106 135 175 49 61 41 73 107 246 184 167 84 212 76 11 206 89 158 159 126 103 75 36 187 56 37 133 60 148 190 101 85 101 205 222 91 209 122 205 209 47 217 41 104 61 51 100 192 201 35 19 5 97 128 28 144 103 241 60 107 181 128 165 174 155 236 195 91 7 18 111 91 102 226 217 131 241 241 252 195 194 184 22 88 111 16 10 132 121 66 155 208 45 236 19 30 22 14 11 39 133 56 59 146 202 132 79 4 182 29 139 168 192 224 56 73 178 85 111 33 45 237 250 144 254 172 158 17 245 94 189 172 247 233 89 253 89 187 162 217 209 82 101 154 116 94 70 125 197 166 7 106 175 3 131 176 18 161 134 99 17 202 153 154 145 96 166 76 82 118 90 226 184 70 146 110 180 212 3 147 64 234 33 213 108 107 36 25 6 91 61 161 58 182 94 185 103 139 173 106 202 124 112 100 96 64 42 158 28 211 57 76 154 8 69 133 25 132 83 167 1 78 18 214 53 218 198 220 127 203 146 3 243 171 23 159 123 232 243 200 48 201 56 219 119 102 227 104 39 41 113 59 91 22 4 215 144 183 95 253 77 224 118 207 61 91 73 202 185 115 196 185 249 179 101 238 169 93 221 79 163 51 86 163 163 239 231 62 198 155 156 181 242 226 68 252 47 5 33 113 154 58 94 203 247 208 160 160 28 185 117 70 157 226 54 62 93 64 215 174 11 233 250 116 67 186 139 186 120 133 172 56 213 53 226 65 221 217 24 35 65 37 14 142 53 121 93 52 73 81 73 39 46 78 151 49 80 151 226 170 62 193 155 148 253 79 225 182 154 60 151 239 154 54 250 150 236 118 77 241 86 114 167 147 255 254 86 214 120 191 191 192 203 86 20 77 86 226 39 6 81 254 48 243 6 252 128 60 32 247 238 192 107 195 153 229 149 244 39 165 100 218 140 120 151 120 98 122 252 137 114 126 58 63 185 110 138 166 132 119 89 44 196 147 151 103 181 154 205 12 131 23 87 218 146 18 167 119 134 209 54 205 233 133 158 234 160 129 177 51 135 153 147 204 215 12 87 128 199 243 121 204 74 230 12 243 9 54 121 166 7 248 62 62 204 15 242 23 121 206 200 139 188 151 151 249 0 223 206 107 140 88 57 136 156 179 252 16 175 17 121 31 31 194 198 16 207 241 3 228 102 185 214 38 154 47 154 169 185 199 24 52 88 237 214 195 214 147 214 175 173 92 129 181 204 58 207 186 210 122 198 250 9 54 121 107 15 216 250 108 97 219 160 237 162 141 51 218 68 155 215 38 219 2 182 118 155 198 136 149 131 200 57 107 27 178 105 68 155 207 22 194 198 144 141 179 41 99 215 121 197 188 139 121 52 175 199 25 244 244 76 238 25 242 94 244 210 144 183 207 123 208 27 246 14 122 207 122 53 224 21 189 94 175 236 245 121 3 94 141 207 27 242 82 140 216 72 107 199 42 231 69 178 210 119 16 95 67 102 0 169 74 19 27 222 227 100 1 204 85 76 211 209 209 217 169 152 7 55 7 151 209 80 157 184 67 184 177 142 81 65 253 195 16 134 174 253 189 132 198 196 191 88 8 41 81 118 21 254 142 236 239 54 15 82 38 206 246 239 236 60 57 182 15 27 35 222 184 205 192 53 118 82 118 178 117 58 122 184 90 98 252 80 182 104 252 225 209 183 166 78 114 249 23 150 7 43 115 51 231 142 190 36 79 76 180 174 158 91 186 166 218 156 54 97 242 232 139 51 39 141 79 183 91 103 147 109 201 124 160 191 185 125 191 180 242 55 77 123 23 44 24 239 242 251 253 121 110 114 111 199 250 155 246 85 68 238 204 114 250 253 166 228 241 228 241 198 246 233 219 138 35 119 78 49 167 250 253 57 5 180 200 233 73 136 91 106 9 180 253 40 216 209 249 227 230 250 165 143 69 228 124 116 51 10 13 145 219 216 203 204 155 32 225 221 9 43 151 191 198 127 192 211 52 89 147 149 38 231 233 114 5 198 152 151 213 173 225 165 58 208 16 62 175 91 23 159 98 169 75 214 135 10 9 195 228 216 243 91 32 142 200 113 129 184 80 28 19 136 219 140 240 90 220 7 113 92 220 0 177 200 249 246 228 149 137 235 115 130 214 30 169 7 236 162 93 182 183 219 67 246 131 246 179 118 94 105 248 236 1 108 158 181 15 217 47 218 5 251 232 4 197 28 202 180 81 246 116 24 124 99 113 58 54 133 20 165 151 141 152 74 80 231 184 168 218 92 94 62 33 222 233 206 246 242 249 245 196 149 128 69 129 144 133 231 82 109 158 18 66 198 34 8 84 47 218 34 27 115 199 235 13 185 134 188 77 236 120 125 206 38 48 24 137 177 212 5 184 224 170 220 108 39 203 57 217 172 77 92 54 135 92 150 185 206 245 39 141 153 7 119 213 106 208 55 41 171 178 106 235 152 97 243 73 14 167 172 213 24 220 177 61 209 217 64 126 108 101 167 29 239 120 118 104 253 75 91 215 28 172 48 79 94 48 250 70 198 164 44 45 111 30 95 131 255 89 219 185 111 249 210 201 85 93 204 35 41 203 151 173 92 27 137 92 120 116 184 203 191 38 210 63 51 59 137 4 2 73 86 227 12 102 243 12 87 18 99 120 254 104 255 137 249 235 158 125 252 148 98 151 216 19 45 194 187 227 127 245 196 99 152 160 120 255 202 198 238 253 120 220 171 199 225 173 110 60 183 177 61 184 170 145 148 227 205 166 143 44 196 51 118 35 89 79 54 16 229 166 157 96 212 83 14 71 202 33 49 29 96 81 117 121 125 229 15 93 179 26 91 187 54 117 110 89 184 170 185 173 109 125 67 91 219 58 207 204 182 245 171 225 191 1 151 156 204 169 10 101 110 100 115 116 114 101 97 109 10 101 110 100 111 98 106 10 51 51 32 48 32 111 98 106 10 53 55 54 51 10 101 110 100 111 98 106 10 51 52 32 48 32 111 98 106 10 40 83 97 109 112 108 101 32 80 68 70 41 10 101 110 100 111 98 106 10 51 53 32 48 32 111 98 106 10 40 77 97 99 32 79 83 32 88 32 49 48 46 49 49 46 51 32 81 117 97 114 116 122 32 80 68 70 67 111 110 116 101 120 116 41 10 101 110 100 111 98 106 10 51 54 32 48 32 111 98 106 10 40 80 104 105 108 105 112 32 72 117 116 99 104 105 115 111 110 41 10 101 110 100 111 98 106 10 51 55 32 48 32 111 98 106 10 40 41 10 101 110 100 111 98 106 10 51 56 32 48 32 111 98 106 10 40 87 111 114 100 41 10 101 110 100 111 98 106 10 51 57 32 48 32 111 98 106 10 40 68 58 50 48 49 54 48 51 49 57 48 54 49 56 52 52 90 48 48 39 48 48 39 41 10 101 110 100 111 98 106 10 52 48 32 48 32 111 98 106 10 40 41 10 101 110 100 111 98 106 10 52 49 32 48 32 111 98 106 10 91 32 93 10 101 110 100 111 98 106 10 49 32 48 32 111 98 106 10 60 60 32 47 84 105 116 108 101 32 51 52 32 48 32 82 32 47 65 117 116 104 111 114 32 51 54 32 48 32 82 32 47 83 117 98 106 101 99 116 32 51 55 32 48 32 82 32 47 80 114 111 100 117 99 101 114 32 51 53 32 48 32 82 32 47 67 114 101 97 116 111 114 10 51 56 32 48 32 82 32 47 67 114 101 97 116 105 111 110 68 97 116 101 32 51 57 32 48 32 82 32 47 77 111 100 68 97 116 101 32 51 57 32 48 32 82 32 47 75 101 121 119 111 114 100 115 32 52 48 32 48 32 82 32 47 65 65 80 76 58 75 101 121 119 111 114 100 115 10 52 49 32 48 32 82 32 62 62 10 101 110 100 111 98 106 10 120 114 101 102 10 48 32 52 50 10 48 48 48 48 48 48 48 48 48 48 32 54 53 53 51 53 32 102 32 10 48 48 48 48 48 52 56 52 57 57 32 48 48 48 48 48 32 110 32 10 48 48 48 48 48 48 55 48 51 51 32 48 48 48 48 48 32 110 32 10 48 48 48 48 48 50 50 57 53 55 32 48 48 48 48 48 32 110 32 10 48 48 48 48 48 48 48 48 50 50 32 48 48 48 48 48 32 110 32 10 48 48 48 48 48 48 55 48 49 51 32 48 48 48 48 48 32 110 32 10 48 48 48 48 48 48 55 49 51 55 32 48 48 48 48 48 32 110 32 10 48 48 48 48 48 48 57 57 57 52 32 48 48 48 48 48 32 110 32 10 48 48 48 48 48 48 48 48 48 48 32 48 48 48 48 48 32 110 32 10 48 48 48 48 48 50 51 49 48 52 32 48 48 48 48 48 32 110 32 10 48 48 48 48 48 52 49 55 54 54 32 48 48 48 48 48 32 110 32 10 48 48 48 48 48 50 52 56 55 54 32 48 48 48 48 48 32 110 32 10 48 48 48 48 48 48 55 50 53 56 32 48 48 48 48 48 32 110 32 10 48 48 48 48 48 48 57 57 55 51 32 48 48 48 48 48 32 110 32 10 48 48 48 48 48 49 55 49 52 51 32 48 48 48 48 48 32 110 32 10 48 48 48 48 48 49 48 48 51 48 32 48 48 48 48 48 32 110 32 10 48 48 48 48 48 49 55 49 50 50 32 48 48 48 48 48 32 110 32 10 48 48 48 48 48 49 55 50 53 48 32 48 48 48 48 48 32 110 32 10 48 48 48 48 48 50 50 55 52 48 32 48 48 48 48 48 32 110 32 10 48 48 48 48 48 49 55 51 54 48 32 48 48 48 48 48 32 110 32 10 48 48 48 48 48 50 50 55 49 57 32 48 48 48 48 48 32 110 32 10 48 48 48 48 48 50 50 56 52 55 32 48 48 48 48 48 32 110 32 10 48 48 48 48 48 50 51 48 53 52 32 48 48 48 48 48 32 110 32 10 48 48 48 48 48 50 51 54 48 57 32 48 48 48 48 48 32 110 32 10 48 48 48 48 48 50 51 50 55 56 32 48 48 48 48 48 32 110 32 10 48 48 48 48 48 50 51 53 56 57 32 48 48 48 48 48 32 110 32 10 48 48 48 48 48 50 51 56 52 53 32 48 48 48 48 48 32 110 32 10 48 48 48 48 48 50 52 56 53 54 32 48 48 48 48 48 32 110 32 10 48 48 48 48 48 50 53 53 50 48 32 48 48 48 48 48 32 110 32 10 48 48 48 48 48 50 53 55 54 55 32 48 48 48 48 48 32 110 32 10 48 48 48 48 48 52 49 55 52 52 32 48 48 48 48 48 32 110 32 10 48 48 48 48 48 52 50 49 51 51 32 48 48 48 48 48 32 110 32 10 48 48 48 48 48 52 50 51 56 53 32 48 48 48 48 48 32 110 32 10 48 48 48 48 48 52 56 50 51 56 32 48 48 48 48 48 32 110 32 10 48 48 48 48 48 52 56 50 53 57 32 48 48 48 48 48 32 110 32 10 48 48 48 48 48 52 56 50 56 56 32 48 48 48 48 48 32 110 32 10 48 48 48 48 48 52 56 51 52 49 32 48 48 48 48 48 32 110 32 10 48 48 48 48 48 52 56 51 55 54 32 48 48 48 48 48 32 110 32 10 48 48 48 48 48 52 56 51 57 53 32 48 48 48 48 48 32 110 32 10 48 48 48 48 48 52 56 52 49 56 32 48 48 48 48 48 32 110 32 10 48 48 48 48 48 52 56 52 54 48 32 48 48 48 48 48 32 110 32 10 48 48 48 48 48 52 56 52 55 57 32 48 48 48 48 48 32 110 32 10 116 114 97 105 108 101 114 10 60 60 32 47 83 105 122 101 32 52 50 32 47 82 111 111 116 32 50 50 32 48 32 82 32 47 73 110 102 111 32 49 32 48 32 82 32 47 73 68 32 91 32 60 100 55 55 56 97 55 98 102 48 48 97 99 100 102 100 49 52 97 48 48 100 56 51 97 102 97 99 97 55 98 99 99 62 10 60 100 55 55 56 97 55 98 102 48 48 97 99 100 102 100 49 52 97 48 48 100 56 51 97 102 97 99 97 55 98 99 99 62 32 93 32 62 62 10 115 116 97 114 116 120 114 101 102 10 52 56 54 55 52 10 37 37 69 79 70 10
23-05-2026 18:11:15 - INFO - Data item: @{bpsId=1913; DataZawarciaUmowy=2; DataObowiazywaniaUmowy=est; firma=test; cel=test; okresOchrony=test; umowaLata=test; Zalaczniki=System.Object[]}
23-05-2026 18:11:15 - INFO - Data item: @{bpsId=1914; DataZawarciaUmowy=3; DataObowiazywaniaUmowy=est; firma=; cel=; okresOchrony=; umowaLata=; Zalaczniki=System.Object[]}
23-05-2026 18:11:15 - INFO - Data item: @{bpsId=1915; DataZawarciaUmowy=4; DataObowiazywaniaUmowy=est; firma=; cel=; okresOchrony=; umowaLata=; Zalaczniki=System.Object[]}
23-05-2026 18:11:15 - INFO - Data item: @{bpsId=1916; DataZawarciaUmowy=5; DataObowiazywaniaUmowy=est; firma=; cel=; okresOchrony=; umowaLata=; Zalaczniki=System.Object[]}
23-05-2026 18:11:15 - INFO - Data item: @{bpsId=1917; DataZawarciaUmowy=6; DataObowiazywaniaUmowy=est; firma=; cel=; okresOchrony=; umowaLata=; Zalaczniki=System.Object[]}
23-05-2026 18:11:15 - INFO - Data item: @{bpsId=1918; DataZawarciaUmowy=7; DataObowiazywaniaUmowy=est; firma=; cel=; okresOchrony=; umowaLata=; Zalaczniki=System.Object[]}
23-05-2026 18:11:15 - INFO - Data item: @{bpsId=1919; DataZawarciaUmowy=8; DataObowiazywaniaUmowy=est; firma=; cel=; okresOchrony=; umowaLata=; Zalaczniki=System.Object[]}
23-05-2026 18:11:15 - INFO - Data item: @{bpsId=1921; DataZawarciaUmowy=10; DataObowiazywaniaUmowy=est; firma=; cel=; okresOchrony=; umowaLata=; Zalaczniki=System.Object[]}
23-05-2026 18:12:25 - INFO - This PowerShell script will migrate your data from xlsx or table to System
23-05-2026 18:12:25 - INFO - Nazwa pliku: sample-local-pdf.pdf
23-05-2026 18:12:25 - WARNING - Plik nie istnieje: C:\Users\k.krawczyk\Desktop\xd\fizyk\ksef\WEBCON-KSeF-Connector-instrukcja-instalacji.pdf wiersz 1
23-05-2026 18:12:25 - WARNING - Plik nie istnieje: test wiersz 2
23-05-2026 18:12:28 - WARNING - Plik nie istnieje: \\nas\Public\k.krawczyk\ZGL_2307_2023\sample (5).pdf wiersz 2
23-05-2026 18:12:28 - WARNING - Sciezka jest pusta 3
23-05-2026 18:12:28 - WARNING - Sciezka jest pusta 3
23-05-2026 18:12:28 - WARNING - Sciezka jest pusta 4
23-05-2026 18:12:28 - WARNING - Sciezka jest pusta 4
23-05-2026 18:12:28 - WARNING - Sciezka jest pusta 5
23-05-2026 18:12:28 - WARNING - Sciezka jest pusta 5
23-05-2026 18:12:28 - WARNING - Sciezka jest pusta 6
23-05-2026 18:12:28 - WARNING - Sciezka jest pusta 6
23-05-2026 18:12:28 - WARNING - Sciezka jest pusta 7
23-05-2026 18:12:28 - WARNING - Sciezka jest pusta 7
23-05-2026 18:12:28 - WARNING - Sciezka jest pusta 8
23-05-2026 18:12:28 - WARNING - Sciezka jest pusta 8
23-05-2026 18:12:28 - WARNING - Sciezka jest pusta 10
23-05-2026 18:12:28 - WARNING - Sciezka jest pusta 10
23-05-2026 18:12:28 - INFO - Data item: @{bpsId=1912; DataZawarciaUmowy=test1; DataObowiazywaniaUmowy=test; firma=test; cel=test; okresOchrony=test; umowaLata=test; Zalaczniki=System.Object[]}
23-05-2026 18:12:28 - INFO - Data att: sample-local-pdf.pdf
23-05-2026 18:12:28 - INFO - Data item: @{bpsId=1913; DataZawarciaUmowy=2; DataObowiazywaniaUmowy=est; firma=test; cel=test; okresOchrony=test; umowaLata=test; Zalaczniki=System.Object[]}
23-05-2026 18:12:28 - INFO - Data item: @{bpsId=1914; DataZawarciaUmowy=3; DataObowiazywaniaUmowy=est; firma=; cel=; okresOchrony=; umowaLata=; Zalaczniki=System.Object[]}
23-05-2026 18:12:28 - INFO - Data item: @{bpsId=1915; DataZawarciaUmowy=4; DataObowiazywaniaUmowy=est; firma=; cel=; okresOchrony=; umowaLata=; Zalaczniki=System.Object[]}
23-05-2026 18:12:28 - INFO - Data item: @{bpsId=1916; DataZawarciaUmowy=5; DataObowiazywaniaUmowy=est; firma=; cel=; okresOchrony=; umowaLata=; Zalaczniki=System.Object[]}
23-05-2026 18:12:28 - INFO - Data item: @{bpsId=1917; DataZawarciaUmowy=6; DataObowiazywaniaUmowy=est; firma=; cel=; okresOchrony=; umowaLata=; Zalaczniki=System.Object[]}
23-05-2026 18:12:28 - INFO - Data item: @{bpsId=1918; DataZawarciaUmowy=7; DataObowiazywaniaUmowy=est; firma=; cel=; okresOchrony=; umowaLata=; Zalaczniki=System.Object[]}
23-05-2026 18:12:28 - INFO - Data item: @{bpsId=1919; DataZawarciaUmowy=8; DataObowiazywaniaUmowy=est; firma=; cel=; okresOchrony=; umowaLata=; Zalaczniki=System.Object[]}
23-05-2026 18:12:28 - INFO - Data item: @{bpsId=1921; DataZawarciaUmowy=10; DataObowiazywaniaUmowy=est; firma=; cel=; okresOchrony=; umowaLata=; Zalaczniki=System.Object[]}
23-05-2026 18:13:18 - INFO - This PowerShell script will migrate your data from xlsx or table to System
23-05-2026 18:13:19 - INFO - Nazwa pliku: sample-local-pdf.pdf
23-05-2026 18:13:19 - WARNING - Plik nie istnieje: C:\Users\k.krawczyk\Desktop\xd\fizyk\ksef\WEBCON-KSeF-Connector-instrukcja-instalacji.pdf wiersz 1
23-05-2026 18:13:19 - WARNING - Plik nie istnieje: test wiersz 2
23-05-2026 18:13:21 - WARNING - Plik nie istnieje: \\nas\Public\k.krawczyk\ZGL_2307_2023\sample (5).pdf wiersz 2
23-05-2026 18:13:21 - WARNING - Sciezka jest pusta 3
23-05-2026 18:13:21 - WARNING - Sciezka jest pusta 3
23-05-2026 18:13:21 - WARNING - Sciezka jest pusta 4
23-05-2026 18:13:21 - WARNING - Sciezka jest pusta 4
23-05-2026 18:13:21 - WARNING - Sciezka jest pusta 5
23-05-2026 18:13:21 - WARNING - Sciezka jest pusta 5
23-05-2026 18:13:21 - WARNING - Sciezka jest pusta 6
23-05-2026 18:13:21 - WARNING - Sciezka jest pusta 6
23-05-2026 18:13:21 - WARNING - Sciezka jest pusta 7
23-05-2026 18:13:21 - WARNING - Sciezka jest pusta 7
23-05-2026 18:13:21 - WARNING - Sciezka jest pusta 8
23-05-2026 18:13:21 - WARNING - Sciezka jest pusta 8
23-05-2026 18:13:21 - WARNING - Sciezka jest pusta 10
23-05-2026 18:13:21 - WARNING - Sciezka jest pusta 10
23-05-2026 18:13:21 - INFO - Data item: 1912@{bpsId=1912; DataZawarciaUmowy=test1; DataObowiazywaniaUmowy=test; firma=test; cel=test; okresOchrony=test; umowaLata=test; Zalaczniki=System.Object[]}
23-05-2026 18:13:21 - INFO - Data att 1912: sample-local-pdf.pdf
23-05-2026 18:13:21 - INFO - Data item: 1913@{bpsId=1913; DataZawarciaUmowy=2; DataObowiazywaniaUmowy=est; firma=test; cel=test; okresOchrony=test; umowaLata=test; Zalaczniki=System.Object[]}
23-05-2026 18:13:21 - INFO - Data item: 1914@{bpsId=1914; DataZawarciaUmowy=3; DataObowiazywaniaUmowy=est; firma=; cel=; okresOchrony=; umowaLata=; Zalaczniki=System.Object[]}
23-05-2026 18:13:21 - INFO - Data item: 1915@{bpsId=1915; DataZawarciaUmowy=4; DataObowiazywaniaUmowy=est; firma=; cel=; okresOchrony=; umowaLata=; Zalaczniki=System.Object[]}
23-05-2026 18:13:21 - INFO - Data item: 1916@{bpsId=1916; DataZawarciaUmowy=5; DataObowiazywaniaUmowy=est; firma=; cel=; okresOchrony=; umowaLata=; Zalaczniki=System.Object[]}
23-05-2026 18:13:21 - INFO - Data item: 1917@{bpsId=1917; DataZawarciaUmowy=6; DataObowiazywaniaUmowy=est; firma=; cel=; okresOchrony=; umowaLata=; Zalaczniki=System.Object[]}
23-05-2026 18:13:21 - INFO - Data item: 1918@{bpsId=1918; DataZawarciaUmowy=7; DataObowiazywaniaUmowy=est; firma=; cel=; okresOchrony=; umowaLata=; Zalaczniki=System.Object[]}
23-05-2026 18:13:21 - INFO - Data item: 1919@{bpsId=1919; DataZawarciaUmowy=8; DataObowiazywaniaUmowy=est; firma=; cel=; okresOchrony=; umowaLata=; Zalaczniki=System.Object[]}
23-05-2026 18:13:21 - INFO - Data item: 1921@{bpsId=1921; DataZawarciaUmowy=10; DataObowiazywaniaUmowy=est; firma=; cel=; okresOchrony=; umowaLata=; Zalaczniki=System.Object[]}
